-- phpMyAdmin SQL Dump
-- version 4.7.7
-- https://www.phpmyadmin.net/
--
-- Host: 127.0.0.1
-- Generation Time: Mar 21, 2018 at 02:52 PM
-- Server version: 10.1.30-MariaDB
-- PHP Version: 7.2.2

SET SQL_MODE = "NO_AUTO_VALUE_ON_ZERO";
SET AUTOCOMMIT = 0;
START TRANSACTION;
SET time_zone = "+00:00";


/*!40101 SET @OLD_CHARACTER_SET_CLIENT=@@CHARACTER_SET_CLIENT */;
/*!40101 SET @OLD_CHARACTER_SET_RESULTS=@@CHARACTER_SET_RESULTS */;
/*!40101 SET @OLD_COLLATION_CONNECTION=@@COLLATION_CONNECTION */;
/*!40101 SET NAMES utf8mb4 */;

--
-- Database: `carcatalog`
--

-- --------------------------------------------------------

--
-- Table structure for table `car`
--

CREATE TABLE `car` (
  `SerialNB` int(11) NOT NULL,
  `CarPrice` float NOT NULL,
  `CarDescription` text NOT NULL,
  `CarPicture` blob NOT NULL,
  `Model` int(11) NOT NULL
) ENGINE=InnoDB DEFAULT CHARSET=latin1;

--
-- Dumping data for table `car`
--

INSERT INTO `car` (`SerialNB`, `CarPrice`, `CarDescription`, `CarPicture`, `Model`) VALUES
(1, 2000000, 'Ferrari GTCLusso T bleue', 0xffd8ffdb0043000403030403030404030405040405060a07060606060d090a080a0f0d10100f0d0f0e11131814111217120e0f151c151719191b1b1b10141d1f1d1a1f181a1b1affdb0043010405050605060c07070c1a110f111a1a1a1a1a1a1a1a1a1a1a1a1a1a1a1a1a1a1a1a1a1a1a1a1a1a1a1a1a1a1a1a1a1a1a1a1a1a1a1a1a1a1a1a1a1a1a1a1a1affc000110800ec01a403012200021101031101ffc4001d000002020301010100000000000000000005060407020308000109ffc4004e100002010303020305040705030a0602030102030405110006122131071341142251617108328191152342a1b1c1d11633526272248292172543536373a2b2e1f0263444a3c2c3465483d2e2ffc4001b01000203010101000000000000000000000304010205000607ffc400391100010400040209030402010305000000010002031104122131415105132261718191a1b1c1d1f0143242e10623331552f116627292a2ffda000c03010002110311003f00e149546135f117de1a912ae507d758aa7c3d3564247ac92e1bca61cc75c2e7b823047e5a67a4bbd15aa3115cc4d129c086a119f83e339ce3b375c15c7a0d264198dc303d476d34d157d3d54262ae4cf21862a464fd41183f8f5f9e8edd452112b3ddb35aab6cf2d5d1dd229258595a25c21909ce067a72cf5393d01e9a557a619242e01ea3a76ce9a24b359a06f3e3452c3a81e4aa81f8f5d0b950195997a0275ce1cd56d0b5a42c3b64ebe9b6b138e3d74515402703b6a4071807033a1d28cc5064b33b7707f11aca6b308d7a8d1e8ea557d3584ae261d86ba828ce527d45b9083ee8ce8cedeb3505753ca6ae9222e9271072e3231fead499e943a36574476cd3851540923122fef07fa6a00d558bce544a8f6b5a180cdbe9f3f3563fc4e8ed3ed1b1c91f16b65263906c88467a10719f874ebf11d35be969c711c7a0f9e8dd2c6163e3df274ec6c1c928e79e6b5dbfc1eb6ef4b85a960aadb1b7e1e53bcc6b6430168c2155902463932ac98cf5033807a1d29ed7d9f0ce94c2be8ed373a143254d15ce084a3313215313c6c3f58a7882038f746403d71a7aa880dc2829adf5934b2d05356ad7454c5f11acea080e3d41c31e80807a641c0c6d585624548f2aaa300649fde7a9fae8bd482eb2b8cc5ada0abc7da95e2a684d9af3b64d3d4432cf3d3daeabce7838c9c4472a98c189b3d07c40c8c8d36454656a1d4a4440a7872c91f12cc39063f0009eb8f9e8cf5019413c5c82c3e38ce3ff003374ed9627b93ad285056bc791cfd9d5b8e7af1e6467f33a96c41a86e933f0501ed02bda2a3f2239fda64487849e4e0f2603fe99e38fd7b33a8270320e343e8ac95d659aef67bb53d440d6bb8cd470ad546a92844383c82c92004364603b018c64e34ef63b954edfba25751474f33796f14b05540b3433c4e30f1c91b746523b83f01ad37baa37abc5c6e72d353534b5f50f512c54d108e30ee72d851db2727e64927a9d498acdaae7196b8a4da8a508b955f9e982cf11210fa1d47ac802c0cdc7b0d13b3c7ee274f4f4d31876d1212f23b508d4717b9db4d7b52d1b5eaed74f2ee5def51b7aa65af746a3826c288554fbec07dd2dc4807afde518eba5e8d3dcebf0d1ab45f362db2c5341ba7695c2f975692a1855c042a2290b84073d30141e447bbe631c1e9a6a404b74bf2afaab35c2f5af3bfa20725c228ea6aa2a2ac9e5a359e4481e494932461b0a4fd4007f2d6f86b1aa429f31a551f772f9c69b6a378ec89a8abe2a5f0ceed490cf22aa54c302bb46cb2739231c810b82cd1e475e2173d4683ee39abaeb7abade28b6adcacd6991c347035bcc694e8000012aa147feba9692ed0b6bc69766afe57e16a3c4063b6a57138c818cfa6a2c315d1a411a5a6e2d2f2e1c051b93cb994c631df982bf5046897e88dc2a21e7b76ee8259443197b7c839c84901474ef95618f883f0d716d6eaed7dec86cc87a9edd3b681d529122f724b7e7a3f5114f0f97ed904b4ed2c293c62542a5a37194700fec91d8fae81cd86a803bf5d5da10deed151b773c6b6a07c1f18fc34e36c702d74601ea215d285e87fb7d563b7338fc86986df381434e320111a8c6bcd5d3cad3fe0d4cb4b272645f8b8fe3a4bf0fe60cdbae6ffaebc31ffce7f9e98696a0f9f0f5e9e62ff1d2578793ff00cd3749323325ce43ff00847f5d4976a148aca53fb5460e33aaaaff003f3bf5c987ff00d83fc069f8d49cf52a3f1d56d7670f76ae6e43de9dcf43f3d0e436af1ac3cc3f1d6d495b2bd7d46a202bea46b3f3557073ebf0d0516d41dbee4256367ef541ce8b9973ddb40ac0ebecd51927acc48e9f21a2c64400f424eb94bb75916ebac19b5899173900fe275ada607f67afd752aab6c33986a229013ee383d3eba9fbc951b7ef9883a49431c87fde4cff003d07697a1f717526bebbf486e4864e2014b5c487ea1546aae3d829983fe40b175efd75a1813ab1f6df86d16e2db46ef25dfd99d8ca38ac4ad1c1c0ff00d21273d719fd9c7cf55c13f307e63b1fa680e8dcc009e2b503daf240e0a75864f2ee1e59ed2c657f11d47f0d1a963efa5586a0d35543364feae40c7e99ebfbb4f13c3d4e3b7a6a2d3d87199a47241258f50e58f46658b50a58fbebad11cc50e8e2ccb274fd8fe7a8f5f16381c7a91a2b431f59cff940d46b8c5fa953f07fe5a619b2c8c40d4a0657aebda9063c9d7b46a48281226633f26d62b19f86a68883f25cf5e5ade94448ed9fa6a2ad2d99698d3a0cea5c431a951d17ea94e083c46be8a72356aa54bb5f63791ba649d66d09c9ceb7d341c88c0c9d4ff623c41c6ad44a19721421c8e84eb16438d136a7033ad32438ea355a5d6870521b041d498941e835970c1d6e894e7b6b9412be98331374f4d15da16e7ac9ee0a85004f2c90c71df96b5471030b9191eefa1d13da002d6d6803ab4484fe07ff005d11a06616865c68d26c82d12a81ef45dbb73d11a6b749d14bc5f8b6b5479fcb5321183f3d68b1ade09424f15bd2d129e9e6423fdfd6efd09231fefa003e6c7fa6b112301d4635b04ac7b1d31417660be0b248319a8a7c8f99fe9ad53da6aa9eb2965510cf4d328a76f2d8f28d99c618e7f640ce7035bd65727be35ea8a89529d195412258ff006b1d390c9d7102975b7922236f0e5ffcdc1f501b58bedf18c1ab8f3fe83ac454b0271f13ac0cedf8fd757a0bad9c942bc5923a7b556ca6b15da284b04111eb8c74ce7512cb12f968788190352ae7219282a918e4189bf86b4590e618fe83568c0cda25a522c526548d780c01a7ed8972f11d36d4f45e1feddb6dcad4d5550b2d454c71e7cf2119812ee01e9e50031862a07520e91235ca7c4e9e765edbbedeac7e65b7c477d9f442a27020f680912952bcb9feb14abb891d940520aa312cbd01b4e064d6bcefe8891125dd9bf2a1f28f525f7c6aadacaa9ad968db32d64733d2dc2786b69e411b4655a4a797f5a551b3202c301896c93a809278c3b927bd08edf699d04d1cb5fc6a2164cbc54f20393260af971444e3380edf1d43ddf68dcdb2ad969b82f8ab557daf964f646828651c69d38733970edc813128f79416c027b634ba370ee8aa48d6ab735da68d7b2b55903a8e3d8633d3a7d3a6831c59c66686fa15674841cae2ef51f44753c68df557279e6aedbcce72cb6b8c866e4c55be654bb107fcc49ce75e97c4add3532c73d42d9a4922657467b52315655750d927be2471fef1d2dd35308630aa0003a003d352cafbbd7e1a67a8886cd0a04921ddc540ba55d5dceb4d657bc692f951c2a94f188a348e340888a83a2a855031a5d9c3bcfef33119cf539d30d50e84fc3e1a0137f7c7d3afa68c1a00a080f72a26eedfedd599ff00ad38d48a6abe10a2e48207c3512ec4fb6d59ff00b66d0d5aa23192401af22efdc56eb45b426786e1c248cf23f7c1d2aec5a931d86519fbf5b231ff00813521aace339ec09fdda0db526f2accabe86673fb87f4d56d1037b29c8548c8c139fae926b1b9d754919cb4af8fcce8fad482475d2ec8ec6594a9c1666c9fc75525480be06e23594818c0d2007803c49f81c6b003a633a2940bff0035dd7defbb106c7cc03ae563a20363a69d69aa49826fd4c9998f96711e700723fb393d3ae8831f96bed155549dbf03bd54e7dba591eab32b626643ee97ff00111938ce71ad61830efd7d75ca0ea57ccebe1d7d033df5f1946a172d6c75f6cb17b4dd6e8e7bd3d0861ff1c6bfc1b5f180eb9d11d8f08aabedf69cfde9ad92a21f9e508fe1fbb50e16084c4269e0ac1d41e6a09e2f8e4a0901b1db23d7f1d476f80d6fc864047a8ceb4be09d2416d151a400e41f5d3e5b24f6db4d1cc7ab18f8b1ff0032f43fc34892633a6dd9d379941554cdde1943afd1875fde3f7ea4a3e10d49979a992c7a81347a33347a81347df3a8b4fbdaa1539f2d26f99035a2a9bcc8b89c77ceb737bbcc0f53a872b1f68a553fb72f1ffc2da658ed82c9c4306571515a339edaf6a6bc586d7b4dac450e9d33590a81d5dd4631f1d33c36fcf478c1fa8d008a58e17495a96a6399183213031c11d7d33a7db897b5edfb4ddd6b68e45a98cfb424847357c9c7bbdc0c7d347610129979a00d42234c28c05e98d44780824ff11a290ee1a0ad243d4d1f3273ee4a339fa13a67db5b1e4de150d05b2a87311b484b2640c0e9d41f53d35721ae1610a9c0e893edf012c72068dc68082387e475bdf6f545a67929eb1962991b0e8d1b820fcce35324b64d40b4cf5c63816ae3f369d9d8a895338cae475ea3566b080846ed04a8a318e40103e1a1d244a18a9619f5f4d3f43668e750aaf1c8c40fbae341371ed8a9b7ca25969a48a3953cc5e684657b7219ee320f5d43e175585d75ba5230f5f88d7b810c3a6b55ce682d553153d6c8219a58d64551d78ab7dde58ed9ef8d6f8e2939e0f2ce71d34af14420d5a274b16612083920e89ed6a622e954aa300d303f53cc6b6edea1a9ace7e501228f749c02067d3eba2d4142b67dc4b056388daa613143953ef3641c74f903a3b1bb1e0962edc23b053123afc35322831d87cf5320a42464038c6b6ad360e3b6b4daca4b124a8cc8063a6bc22e871a9ed4a388cebe7b382a40eba2d285004454fc75eac8ff00d858ae7a7038ff00786a70871dc67516e914ff00a36a452432d44810718e15e4c7de1d86aa4502ac16d922e32b81d70c7f8ebe98b4ab557adc3255cdecbb62f3246246e2c290f519e8758b5db741ff00f8ade88f4ff66c7f3d0baf1c8fa292c723f5716619c6303cb7ff00ca75aec719f213fd2340a9abf714f71a686ab6edce9e0918acb24b000a8bc4e49ebd869a2d3115897e9a670fdbb202527b69011b8633c7a8eb8f8e8dd893c2d5a5e1e2653d7cf749e699927a6690082255511a7152399662cd91db8e091d322e25217e834f5b2afb78b76dbaaa3b2ec05dd50545c18cd553cea230de5ae63e1c47fd1fa96201618c16c1625bcba7b1a52ca268fb8bf650211e039a8805927a9a35f698e49b9435eefe5190978b20e3eef150719eac724e341ebd2d8b590c7b7de4968e2a482392765917cf9f87eb5c2c9ef2a9624007d06ac3b96ebbe6e29664abf096e30c861aa89453d605f67f36148dc8530742bcb9007b1918e3d457ed6baeb43474d77a29edf50d1890453a7162a7201c77c7438f8e870df127cc83f0aeeae0079348f95846bacdbe5e9e9ad8060741ac242401fbf4c29ba086d5900127b1ed9d2fc87f58491fbbe5a3b5a700fcb4b373a95a4a6a99dbeec513b93f20093fc3524d029679b752a3ab54c93d491d4999ff001eba53354caec33d89d75d6d6fb2cef1ba51d9ebe5b5c6d4b5d1c555e6fb5c7809200dd4673d9b5c7d7b824b55e2eb495238cb49575113afc0a48c31fbb5e4a4665d6f7ef5e8a1713a10429ed23181c8cfdc6fe07506c8e52d508ec0b31fdfff00a6ba9365fd95aff7eb7c064a568d6aa041cdc85039a0c77ff56aa1f13bc2dacf0b76f6c73711c5ef14f57275c6498dd076f87eb3567e1dec6e635ea3e14b270f76500fa14971cc09007c7500f56623ae49d7c8a519ce7b69bb65ecabbef6a0dd22c16ea1ab366b67e94acaaa9ab30b52d3c449731ae42b33762083d074c13d5602d30744a98c7feba9b04eb0dbee6af9fd653903eb83a884e707e233afb24863a2ab0bc4830b039193dbd350abbad76f9565dbd6e886794524a4fc304eb2e231d35a2d3239b353ae0615db8e07cce73adfef6a54f12be2603a974f314302cbc8af219ea323a8c8e99f4d19dd379b4de6a299ac1b6a976d534111468e1a8699e6271ef3b3632463e1eba1d6fa0acbad6474569a3a8afab933c21a788c8ed81d7007a0f8ebe57dbeaed95b3515ce9a6a2ada76e33413c651d0e33820fc8e7f1d58170691c0aead54124e75376254fb36f3c9e8b26623f46e9a8983d73a896794c3789e6538649148fcf5457d91dae88d2d654c07a79533a63e59e9fbb1a82e7afcb47775a817daa90602d42a4e3e7c97aff0d00761d31db4911456d820b415a9c8d1bd9f53e55e842c7a54c4d1fe23de1fc0e81b1c8d7da3aa3435b4d520ff00732ab9fa03d7f767535614c6fc9202acf99343e64f968cd420e448ea0f507e5a1d327c341056fbc20538ea7eba84579d7d08ff000bbbfe4bff00ae88cc06586b45245e6dc4607dca776fcd9468f19b7058d8bd222b6cb17be75ed4b963f7cf7d7b5a6bcf5a1dfa66896e51db8197da9a630b2f1fb87d0fcc1fdda3b153a8ce1b19fdfa274d4db51a022b639ed951241e42d552e797018f565f78f41d475d29d4deeab6fee34a5bb57bd6db646f344e6050ed0b670c117a290df78024800e350c9038d1532e1dcc1699e386329870ae3a0c3a83a3961afacdbf37b4d8e74b7cac30cd0a2a961f03d3b6a6d9b68d4dfa925aba1aab743471c891f9f5751e5a48ccbc804214f2f77afd08d15bfecdb86c8db53ee0bbb5b2aa8151d90d35572e4c1090bef2af7c60633a6810ddd2b94a5bbb52b5fabe5adba379b5328cc8eb2ba163feeb0d10bddd2e7b86d368b4dd6a5e5a2b3270b7aa2a068578f1e8e54b1c81839273af50d9ef34e284ee3aca791abe1004096e4804150cbcd007eec87054938c1c1f96a4a2d35298eb6afc9f648879b2f9a709c17a9e583db1ab1162e95329b506cef05b2ae395ea6aa40a57a48cac3a7d146ad9f103c44b36f6dbd05b52d4b475544a61f30b020228c119c741ebf8e9028b7cd15ab6c4560adf69dc367ad9263e6d754cb6f8e58ccbe6c734500388caf2c34ac0745c00c08d537e20ef6ae7abbc5868a9ad9414f4f719526a8a0632c93919561ed19f7e23e800008c1d5848236db86a3643734bc9630f8a09e20de68ef3ba67aaa39564468a18e4731945e68813a7c46157afafc346f7a1a1a2861a6a4a8ad6bfd651c128929eac1a39118618af5ef807e5d09d568e4b6589c9f89d13b06e1160aa492a6d741758010e21ab8b96319c7161d57a9ce3b1f51acfcd64f7a6fabd077272f0f647b071b9450cd4d5f49e6033412289154f4c946f75c7f94823e9df4c5278b766adb9d1d75eabeef592d2c81f0b6a822ce3d3dd9341a9ad35573aea914e63827aa89a514f3398d544832a1bbb7ed648ede99d0bb6edab4d25f36fdb378d30fd0d595a619aeb6866f319beef1064f708562a5b0a0e3383ae6170157f2ad235af3deac5bd6e7bddfa8a8f75ed6b95d6d5625ab6a7829563887211c61a57932dc5989242ab7438d16b878e5b6ed55b3d0dd6db784b852b986a5628a228245386e24bf55c8383f0d565b77c8b45eae5b312ecf25aeb6e71491563a8584c11890b48d1b292b2702303d1860e71aaf2f95f05d2f371aba484d3d3d4d5cb3448edc99159890a4fae01efa309e565baf7543044e01b5b2e8d3f685d9cca99a0be020751e4c47f7f99af1fb436ce1dadf7c3f1fd4c23ff00d9ae60d13a0b5b4b4e6aea6295a98b7971f060a6493e0323b0f5d5c632628670b10d4aebfd9bbb6ddbfedb5972b141353d3d25408255ac7546c95c83d09183dbbf71a2b7079ad341515c25a5838a85479e5c2166202ae7e67a0d735ed0dff4db2ac1b8ec8f64a92d726a69834d544a24b01775cc7c464373507af65f9ea6ee0f1b7705ead968a726a6db15ad5510d0d5b52f9f2706e723b29e59f7810a0f15c9007bda6862fb1dadd2c70d6eececaf2abdff0005ba969eaaaaf369869eaa9da781dab23fd6a091a3250672e39a3ae57a65187a6a6aee1b8d482696a696a17d81ae259141028d4fbd507fec86082ff7463beb97f745bed965876f2c11caded76482aaaa996e6d33c21a466e0dfaa558fcc5e32841cb8f980e4938d674574a6db371adfd2f35cab21a9a33455b6db457ad223c211444934e8a55c02b1965299629ef10da0fea9fc55ff4c08d095d094bbda9ab6e747025fec950d3ca2111c55b133b73f770003924e745ad638c6a08c606b97763d65b9f766d4a7a7b5253d4fe9da26356d52eefc448a0af1e8b827af6cfcf1aea7a3c67e8c7f8eb530131903ad6563a1ea9cda46a265e3fc7561ec1b36efba6ddb91b06e1a5db961a7aa2d526b2d293c52b08cc8d234850fdc0a0fbe70a78e08381aaea0c63a74d6f5a68e5219d413e9a7646978af916811bb29b3f349a21f1037987a90b7ee4b2ced24ad1d153a09df010c8d84ea595141cf7191ea722ebab2bae771a9b8dda6f68aeaa60d34ac00ce0000003a00000001d0635aa3053a823e43583be09cf5d7358c69b6b40f2572e711da24f9ad9cbdde983ad5313c49c0e9a893dce0a69a281db9544e78c14d0a34b34a7e091a02cc7e401d4c4b06e3b920f22dc2dc857cc76acc48e89838628ae1149c1c2bc81ba7551a211cf4517634412b5fb8ee7d71a56b9d4c52413c5215f791978e73dc1d38d55a22b4d2c553b86d577aa1237156aea95a552ff0001043860463a8627008cf71ad82fcf4de44343b756999ffba4a6b770693e79c723f9ea4b330dd2c5c01b5576d3f14f765b5e81c2dd3850c69143c9a48c2aa0c280188e980354b536c1ddfb8ab6734363aaaa96799d8b1750092e4f5627e7df5d7b7adf778b0aa455a894554719a796e0fed31ae3392818941dba360f518046aafbdf88f4174ac5a536f82bee152c114441a37663d81903afe64eb2a6c1b4b466794fc38c2c710d6fcab32c0be3a53da9962b31a7e3118a299ef34eaaa78e1797194e08f87cb556f89be1e788bbb8edd4dc936dea28acf4269794bb8e99d5096cb391cf9f5c0e8aac7a76d54be20451535e9e9ae76b9696a7824dc4dcfdae37475e4aeac1dd7a83e8c71d8f5d22cb1c4b9f2e9c29cfc4e9095c7563acfe782d38636e8f6efebf5571d3781772689263bdb60246e3a799b8046df8aba861f881a929b1b705b6d172dbf1d4ecdaca4a86127e90a3b9dbe595ce5484f3ddc48b1f4eaa003903b8cea99a0b3dd6e7c8daad7595814e09a789df1f90d4bb3daaeb73ba25aadfe62d6c93081543b1c484e02fba0f73ff00b1a5da23074b4cb83c8dd59717849b8aa1d23496c859ba01fa7293afff0073594be13df22b34f2d552c3253d737b2d25ca1b8d3b51c53805da39240482e630484079742403a72dc555051d0d90ee8b46da8eae923614368dbb40f422b4e0069eb25573e642a54e38f591b9004282753f6ef87f0ee9b649be7c45b8c7b5f6729e06e139569eb6443868e8e3200f2d7eef2238af650ed903d2e0ba0992c3faac438b23e7c4f70e6927e21cd3941b54f516db866a0b5505be626b32e9248e8024cccf942b920ae01c1e440e83e7aca976bd3551649373da28594e3fdb12645fce357fe1ab4eefe35f86db4a4349e1c787f05d48e8d5f78412b483b860650e4fd78283fe11a59aafb496e1a86222b2d9228ffeaff46d1b2e3e03fd9b51247d0434635e7bf357c34852d9311b91f1f7086d17875754ab827d9fbbb6adc6b94fba68b722d04a84f4f74d52c193d7d09d07ddbb1f776d026af7b6dfbd5ae39dfa5756d33b43331eb95a8eb1be73dc31d386dff19ecd77dc56a877f6c5dbd556592a235af9e2a40b347172f7dd04610640c9c7ae31ab26e3b9ab3c03dd375b4db7cdb2d1c5520ac968b848f4172a79903452b524e2684878c8c90720e406e9acf7e07093349c33ce9af6abe74f846fd465ff009057e775ae65a5a58ea2aa9629eaa3a4a69a748e4a961cd6146601a4207521412703e1a63f12fc3987c32df55364a2bb7e9a85a8e0ab4abf2d630e24048c7166046304107d75776f27f08bc43a3a5af1b5e6d9577957955d7da88869dba0e27ca50f09ebf78bf903a9c13aa6b71f83178da5493de6cd514fba76ec9ef0afb68c9897e3245d4a8ebdd4b28ff16b24c4e630db6fbd34da79ecbafb906bf379f4d69a8ce4b53b44d83eaa73fc1b401b1a33d6bf6f47ece3ccf2270d904600618efdbbe3429e9675ee831ff78bfd7598e0732d585c320d54ab07966ff6d59acc77146f50aa6d8249233579e8230d1fbc09241c8f86844a00795781880761e596e5c3a9f773eb8ed9f96a4aad4d3c8b240e6191738749c2b0c8c1c1073d891f8eb24b4563c23c9a490fc0f25031f9ea75cb54b891776acab154fb7d82df39397f2446ff00ea4f77f967f1d653ae33f4d41d8341705b2dcd27a571151c8933372521164f772707b72007e3a2750b8563f2d2ae05a697a685e25843814b930c9275eb50ccd7994fdda6b706fa13ccff00f88d7d9b59dbe3c5837954760b4c2207e62227ff00cf4687572c7c69ff005ade8c1e0a672705e9e263f8a03af6a1c131fd1b6b6ee5a8a127fe1c7f2d7b5a616015b9e9a139f2a48d11d48e9272c1f8f51db5f2f94304961a7a9ba5343515b4356b0305aafeec3a16ee87e2a0f7e993f3d2daef1ac694c735344cd18c0cbb9c7efd580963dc3bc6c6f5f6ba7a20f75829e4a1a6470a24114890ba607dd90cac8aa188e5cba03d0e8980022c43649058075d2f4f04e626764911634ee3bc7babc3c369b686d5f0cf6b477fa9a4a77aaa37bb2c72c4ee7f592b23140b9242950bd3b7cb3a31e2aec2bb789494163b5d2cf15861a68a715513c488d23b72185908e415553a0ea327487b4b6ccfbcec1e0e32a2c3434d6bb9535c5e51d53cb9c958be2a5e45e248ea072fa161df3bcfc46db7b9de92d86e30504510558adf1fb72282c78b0631a9c15c60103038f503ef1e4a3317335b27c3c805984d368a94bf67af109e4864a7df76be0811c2491d4011cca157cd0859d79955209ec43374c9ce9ad3ecdd5b5970a89ea3745be0a1656105125b5e64cb1073292ebe6018e83a0ec4e71aab68f7f6ef4dc4dbafd8f723dea38168d5a5b44c55e1c367f55c3871e83ae0125c7f763ded5a147e23ef6f36b69ee551b8adf54b491c9458db29e449cc06e72caecbc300f4033eb866c6ad96600511f9ea825d19bb07f3d16987ec646f17f8ebef1e23cd5534ac55916c81578b74e23329c0ebae1bdc16cf61a9b9447933c1719a0762bc79716201c7a76edafd58da949baeaab6cd77acbad4d3dabd9e369282aa40b3ca473fd63a8814a16e4adc0b6542a83c4f25d7047da2bc3a7f0fb7c6e0b74f57edfed6cb728272a559d2504f23f3cf207e609f5c680eb7821ce048534d8c82d6d5ae799301587cb5af92a4b0bcc82440aac5092030f86475ebace66e2700672351c96999173938e233e9a50689c09e6f7bd21be4978132c689554e8f4e2252a2270173175ea5401c475ebc01eb9d048776d57e8492d7281c1648a6a6740018a543f7f3dc9e248d2eeb646c5396029e4a47bcb9c7febab971752e0d016eaeafa9afab96a6b2532cf2316663f13df5175ed7b425756ef84de0ddff0079c34bb8286caf7bb21ac7b7c890c6eceb50532a06404247246c16c60f5ee35d0a7c30b6d55ce8edc7c0ddcad35b045445a7dd9fa3a9a290460b3e446547239766e58cb0f881a59fb27efdb2db76a4969dc3fad92d3b922bc411ba46f98fca05d53cc95029e502b6403d554fa6ba22bf72ed1de3b92aefd5359434d2b1778a2aca4a564388fdc0cded1963e6846e9c410072ea03aea43102c06965ccf7758403a85535cfc22daf3de2c76687c0cbf4bbb2f14b3574b6aa8df0d018a252b890c8ebc496cbfba4a952801009e823785ebc26db96f6b75378155572dbf4f1c94c2f76eb84ae5a552fce39652bd24528f904e70a194952a4f4c6ca4b3ac15af5f49607b25c2e734de6d7dc69e19d20423cae054b1e0191994f339cb13df5cebe27546e0f11bc49b76c0d875f4b414750cf474505b9d8db20883c8d254f0418958a32a162a4b027d350e1949a0bacd0b293f6a783b3f8a926ecde168b25d0534d6ff236e20a6f2cd254422348a17e522a60c51f1f38b851c8b01cc00b1e87c32bb6e5a9aaaff10e9a6b6d9851911da6cbbbed5089a48d7dc8656a8a9320e4f97691964600e029c82087869e1a6fe10eeba4a6b7544d35bafb53056cf414dce279225084ab00095c862a31d03741d4eb55ebc21df970ad304365b91abf24d4bc4d4ad1332060a5c8206402547e5aa39b6dcd4b83dcd757ba60a2f0436b6debdddaebe1e3525ea9677b45159e5abbd53d7c94d5934a2aaa64fd5a2796129a1910720cd9c90c492172b54e2a516456255c6474f4cf4d7bc1dd97bbbc31ddb3d56eea4bb5bb684b41399635915e292af832c194049cab4b2107a631d4e3bc2dbeed151c0ac7aaa283f5d3f801941d2923d227316d14db00c6093a9a8718c0393db1a1f4c72acc4a84552ccc4e0281dc93e83e7a55bdf8c560d8bbba805dedc9baad94f4e6592dd4b70f20cf50df7048c01cc6a064a9e8c586410b83affc4b8e807e71ad521182e7650ac1aaada5b5d32cf749969a36388f964bc87e08a3ab1f900740293c52b2daea679ebac30de582e296927aa2103e7fbc9b81c11ff6609ef92c0e575416f1dff74f11f72ccfb1ed73586099998532571aa92346c7b8d3155558970788c0ee7916c020dd836e4b6d8e39b72d7c17c99581929feec283073c9d70d276fa7d74b99e37765ad27bf6f607ea8d2b5d10b2e03dcfc52b96c9e2d6e0acb857ff0065f6d6de829eb5cc95d0d05bfc88df249c493f2e5c7272179607a2fa6acdb55e2df347135dab6a69aaaa982cfce50503840a7f5c0614155eeb1807386563ef6aa7bc554bb60d35beb9a8e8ea1694cd350d3b0ff62040211d4745382a7f1c771a0edb81a5f28095c82e5c800927dde98d50e571d014113757fbdd7e255f22efb7ebeb68e182823bc4cae894f349fece8808ea1a43fad64ff265547ec803a691bc45de5570d756bdb2e3496fa68c796896a081c8e413a104b9cf7e8474ea74336e5d5201c21f366b9bc4520a585579e4ae32ccdeea8efd3a9fa6b19ec35a9434f5755b4e189c4856591efed14926158e0a349ee93dfa63b0c77d14c7d59d7dd73f11d63006fb7dc5aa66a6c1edd3c93cf74ab8142b133565b07929eb96c1071f31aad2fd0fe87ab824a9ab8a5ad9d4d4474f45198c44adf74b67eef21ef05ea707ae33ab777a5c2969d2ba5ada28ed96fb7af2a8a16a8794cf367f570b33b31f78fbcc01fbaa718e4351bc29f05e0f19ed17edf574dd3c2b2d334b5b73a18acb2a42228bdf21ea4f18c3ba821638f91030588eba4b161b14601fdc75f24e6033cae2ee034dbfa549d25b66b8551491d61f70b31ef803b0d449e9fca9d6050f23b90b1aa8eac49c0e9a3f6faaaaac9b3491f96d520e15463886ea32c7b019efad8bb4ec3252b56dc77dda692e2b3e1a865b6dc18280011ce55870327a6173f1ceb1985cf37c3d3e56e3a99a1fba04f5b5b491c30d4160f43387a71533b7184a924aac64f1193d4e3f9e9af6ab575d6396e17facaa96db1280f0c72797e7e4e153a0009720a82d9c2ab1ebc402eb74beee5490d0db2cfb2a876fde2165a59f6dd8296a96af2dc560134aa6657c823de21c119c1e9ace82db307a7b25a29696b6592aa3b55086c11537295d14b21ce02a90b186ea38e71f7fa7ace86e8a18bc46697463753e0b326c41232378fe5271f0ced94172aedefb8376bc968d934742bfa6ea63982c91c065530dba160324ca88232abc470cf51901a9ff0012fc52aaf17b724f5b7c99ad965a187c9b1da2921020a5857dd8e255c80a02f73f90eba69fb42ee6a7b05bad5e11ed5ac5a9b6edd95aa77056444f0b95e5c0f364ec3291e3cb4e9d87af4d25d8bc2ebf0a3b9d55d2d9531fb053d2d4cb0009cd167902c22652eaf1a3ff008864af24c8f7c11dd278c93a571863c2b69a34036d36d7c74bf21c3534513626073ca8fb628e9ef772b6596d5b41b735e2b64f229a24ad991e5624e0050428007727a00327563dd76a6cadafb8e7db3bdf6c1db77ea58565a8866af1344a481eeacf148cac475cf6ea083d46342bc3dbc47e1deedb6dfe82f9b76c9551d54f114ab1357242542921e1803cc1579f46390c508c9e27466e5e21db2fb77a5de3b9e862dd3b9299ea1a6a46a1969a96a21939fbd338656073c5d42280398cf2f795571d1f8ac3b5ce7163b2ee0653ebb7ca5e66b66aca5c2f8d91fd207bab686d886d90dc7654aac90d42c55a12ada611f3fee9f0dd47bea47e3abaa7a98f7a7833b52f33056acb2cedb72b496c9580832d1b63d021e683e035446e3f1326ddae9045b7ac5b6ed61e276a2b4c4ebe6f97f739caecce4819ec40c92719d5a5e05dc7f4c597c48da533b08abec125d290001b15346c265c7cca961f4ceb3e29dae9c568388af23eca7aa9238e9e6cf8df87baca1b2d7d7596d35f04305e16bccc91d3c2cded70c90bf091781018e0e3aa165eb8efd3402c66a29af74f2eccab96df729a6c08c3f149dbae5645e8af9ea0f21cbe0c346f64d654d0d74d71ba5ead71ed7a4abf688edd5f4c276334c9c9a48c655800f18e5c581ea3e39d6bf0d36fdf372d4d39d9fb6a96f17d7ab6a8378995d28695cbf21e587fbfc49ee79138c63e2b3b0ef8a4ecd8a3aff48cd91af683bdfaa11be364536ebb05dae568a14b65e3988aa29a08f8a3d50f7bc9957a046655e7148061f050fbc013cd6e9ef3074e0c0e0a95c107e075fa13bd76c57f8716fbfc7bad6b775ee2dd74b1535d770dc2314d6ba441964583b34b2a9191db8900f4c143cb7e276c792156bfdaa5a4af8fa7e9034722b8cf6136076cf66f9f5f8e81880d78eb19e63eab4e08e77346706b9d7c954ccb118551a44003af35edd4648fe475706eefb3eeecd91627b95e4da6534d4cb3d5d2d2d41925814f1ee788462390c8563f2ceaad76c93903aff9468f566fadcf70b453daee1b82e5536da68fca869a4a92c8a99cf1f98f91d20d7b35cc1306170d8a23b06b1a8b70cb4a83f555b4ad03803a6548707f35d3e568c4321f96a96a1b8494370a4ac2ccc609964efdf07afeeceaedb9e0c321420a9ec47a83db484db82bd27471a85cce49526ec75b914a787db9245ffea2e0211d7e71a6b09572c07c4e35eb84a29fc2149c633557767c7f8bf5ac47fe4d120dca431e7b202d56c469edb4a58f228863cf6ce091af6bdb11daa2c6dccf268ea1d493f81fe7af69f07458a91aeb4cf497eb8c287ce10b105c671dbb8cfa7c0faf7d74aed1a79687c38b34349533cb5ca88f041484254302c3dd8ca14624b48a30d2231e814e1b1aa63c51a0acb56f1bbd3c53357c41a226a969d21333346bc9f829217a86e83a74d5f7e1d582c7551a4ebbaaff006eb9c58a69a1b556c74e268e2e82450ca58a9183cb1904fa6996bc9bb4a91a80113baeeabfed9b06db1b656cf25dea7755d6df554b5b17989879a30650a8dcb8acac4314ce0be3566da7c6bdb94507b354eeca41554ce61aa6a777861132f47e2ac4955ce71927ea749359688aae3d9363b0355d07931dfeda952218ea665786a28aa1256571876e485b91eb900839ebaa4b7458364ec8bc9b5ef0d87bad6f59334f354ee7a744a9c93fae8b1464946209f882707aea48691aae739ccd975abfda63635b2b63159bd11922f3229de169a509d883951d7de00647c74c741f698f0de587cca4df744e813cc65334b1151900920af4ea47e7ae3bf0fe8f676ecdd31d97696cddcc6e9723c79c9b9e99a2403de259cd0e235006493f0c0c9d58d77f01176ed64c6a2c37f885642e2aeae977e5bbc854e592247929948fba0e029f4c6b8c519a431349aabe6ebe2bef0a9b557ee0f0da9764eecdbb4f3188cbedb542a626cf55911411951d4e0e4819c7c39ffc78bc5578b96c4addd22dbb6ee763b44d5b4d514704d2c1570728d65a467703f5a8cc1d4ab302a5b2077d4edba2abc37bad46e4d9bbcf6fc34774a364bcd15ef7851dccd5f43e5379490c782a7b939620b0f5d17ddb4d75dd3e1eee4b8df2dbb42cd6ea9dbf355437095699eaaa5962f31040de7738b932e0270c80789ea35711b7804332134b872a2db0ab95f697738241112e1b1f0f7b59505ae965f35e49250c80e318c76f5e9a9fb5ac33eebdddb7f6fd1b627b9d7c148a7985039b85ce4f400673ac3d8a6b75cabed9521454c3526964e2c31e62b9438f4ee34263066d93449add415b3d29e85a63f30c07f2d4fa6b4500187859fe6d291fc31acaa2926b7d65452d646f0d4d3c8d14b1b8c15607041d4eb450565eab7d8ecb435972ace25bd9e8e9de790a8ee78a0271d7bf6d30236dec865ceadd1b6dab67936d2dd1691054b5ba39701dc8e6958f139209fda431fe209f5d08a6a1a569e38e9adf14d3b3058e38e9cc8ecde80280493f869aef542d64daf4b4374aba3a0b8c4b3d24f45e7acb32f29629d18a465871c02a4e7dd6e84646b5f87dbcae9e17eecb36f1b1d2db6baeb4467f6682b999d50bc6d19778d194fdd76032c3a9eddb473837bdc031882d79fe451bf0e2e0960bd8b3a58ac3749afad0d288ef1684094e4f2049965502251c8f239fba3d75740db94d6959bdb2b3ecc51bb37ba2a268e42bd7fc2a849fdddb4a974fb5e78c17c78b17ba6b45390cb5115ba969c070474e26586464c75f56cfcb506abc7ff17f7151525051eeaabb7c8d51d2ae9e68e9b980a4f163c554606496180703a0eda7c743e3c32cb001cc903e50fac8aff77e7927fdb9e24d9365ef1dbf4372b6782b596db8dca9696aae5b7e18d053c521f7e46e48308b9eee70307d0e96f617881b6e4f1a76fdd2f1152d92dd4f515946d5b4123087da5a4f2e3955c602c44b0ec4e15c95c7421621dd5bf7722dc52f9e2d6e1ab64a6f37cab709ab8ae305cb2c7811c6abc8971d3ddd7a9296d370485e3b96e1df06427cf7abac714f4a4151cc492b451c9cbae1464e17aeaa7a365028bc790fae8a2c120816aca1bbbc46dbfb8b72d1785b6ade773b1dd6fb255fb57f67c3c752784510952a240bc8388f21b033d0e0f7d22f88b378dd0dd296a2eb435b455af4953c63adb9253cc29b2ac4955a8f97e3c4f438d08b8ee895cffb0da3f488b771796715b2d5434c14feaf0f1e55318ebcb0011804f7d2f8dd5570f98d476bb2c134992d2350892463f366273f969b8ba131120bcf4150ca0685beea7d4bdc76eef6a9acbac370b7dba6a011d352574a6b6ae5324681a60222c3cb322c855b240fbb927ae9d6db560a45c239543a2ba874e0dc48c8ca9ea0f5ec74bf5be22422923a5a49770489053f954ed04b456708dd0f37582194cdd7207265e231827274a54dbaabe2ac59ae7572d6a1c07334aceca3e2327e3d4ff2d69617a19d159794ae21a24032e8ad0be582ab71a451c958a6951d1cd1cb34b1d3361ba891620b2c871ea254009e8063272abfb35ed9bb58ecd5763696aef534733dd20b355e63a71e6011964a972ea70dc40e64371efea4351ee1882237b42052321b98c11f1d32ed7f10e876f5e12ae7ac76a7921782a520660cf1b0f4208ec403dfd34d4dd1ec23334591cff3e1022748c197369dda7e79a8165f042f5b5ada69a9b6fee095eaa41cf9353d34464ebc7deccc58607a903bfc89316bf0ef70d15540970db76a49e37f3bfe73dce94eac830465422e707b81f974d35cde326d294c71a5eab85318f3510d4503c8af28624618c8085ea3ba9ec3a687dc7c5bb13ac325b6becf03ac222984f8cbe0b11202532af990e78903a67be936c326c180797dd4ba169399daf8a8a767eea82b2e153fd8cd8374f6b47919a5de5309a49324fb844e232a0e30a533d3a9c634d978a3d9767b4592badfb36d8d73ac808b8d1a5ea7ae7b7cc0fdee104ccaeac3af10f953d09d23c5b9edb7ba879a869edf518049fd1a9008f0bdcf0047ef193dfae8d5057adc8014b40bd060836c4423ddc75cae7b7efebdf5cdc1b83b3190f86c109e62fda621e348fecaa9b1df6e52505fb6e5876fd2cd1a84aea8b4d4128e3afbd13d4485830e9d4ae0e0f5f50de265d374ecdba56aec0b3ed9ba58a048d22b943b6a29dce40ee8ccc400c4a8e8474ceb1ba5aa2a68c5457c92d119090bee320e9df0abe9d3d06355bee696be69697fb375d79ca3399452d254b33020052194761d739f8eaee686b4bb715b7d8efef5dc80d0ccc181a01e63eca15db736c731427c41d9bb9efb3bc81e4a67a8a6b0d0cae1705d61a784316f4eac723d7d3560dafed2fb0e9acb4d63a3db378dab67a5cf936db756034e493962eaa14be4f52581cfae95ec5bcecfb1ac951597fb35deb2ef24c564ab920579197038a2098f21d3be075f8ea05ffc56da1e20c14967ad5b86d685ea565a9b8d6a08a448954e441e51c1958e1473ca804921b006b124753b3b9b47bd6cc7007c74d7e9dc1585078fde14d3ce244a25a5ac71c8bfe8525dbe0490c09fa81a3974f14f62ddb67d5ee0b8eccb8ee2b417580d6bed63ecc5cb7000cd2fba483d319ef8191ae5abdedbb8570aa5da3b8ae1b9b6e51a9989ab1e434783f74062564207aa1ebfe1f4d48a1f1077eef3dac762d56ef8576f5a2de6ae96df70a88e0575a6194a78982f295f8e3846c4e4af4ea068a2691e403b77aa8c0c6db2d3af97d9581e1dec7a6f1237d4916c3b4d3ed517595e9edf17985c40150f9f544671c951880abd0338c751cb566eccb4ecad83bbf76f8852ce89b1f6053cb6edbc92547192e35cb1059e58d8f4777762aa4740660463cb1ae6cb36eabada12a23498d2d54747fa39e096058a68e367323e0603291ea7218920138e9a70b1ee7dd17cdb316ccb3cd4d596f8e392336ba9b5d2cca695cb48640cf1970e2425b3cb393190738d7a06c2f9a031e1df94114780ef3a5df00396bcd7463aafde2cfaaa529e9296fb5a2a2e57c896e3532cad2c5151cd3b87259f9fbab82391e8012467af6d3fd1eca937bf935b00bdd6cd322b572c96cb8cb494f81c70f3c71cb348c4a86c710a39601e98d57f72b4b52bfb5db5a5a124e49889431b7c081dbafe5a3543e24ef4a8a8f66dc3bb770562c87f56f3dd6a1c06f864bfaeb120c2cf84c67e9e42199b4cd5981e560f029e7398f8f38d6b86df0aeada3e1647b4ebd2aeabf47d5bc71bc628a2d817bad42cea541633ac19619e432dc4100e3a6a7516c3b857dd168772dd6c7b3f6bbf215b59739552acc44e7cb861696468c65506178f451cd9b1d6a17b9cf72502aeaaaea0818227a9924fdcc4eb18a2862fbb0c487e4806bdbbbfc79d347926c438b790143d01af6596710d06dada3ebfda65ff00917dad4aee95be2fed58a053855a2a4acad900f4fd8407a69ffc33a8f0d7c26dc94f7efedb5ef744b1412c3251c1b59a9e3991e3642a5da53e8ddfe5d46aa6593dd1d4e35f0cf18ea559be8a74affe9de8cc39b2e75f88fb2b19e4934215a54db8fc38b4d9aa26d99b76b2fbb8e91a334d16f591648a58ff0068c50d3e23675c64a4add4755248234bd5fe36f8a3749c4b49bcebecf0aff774d6944a28221e8bc100181f3c9e9d74b36ef2ea59dd66a4a58e3c893cf0f23e3893c8448393018ee3b11d7432a6a69a7a8479e6069e48d83c90a322bb818caf2ef86e87e7ab751d1d19707b3378eaa475800cb43c15910fda67c51b6d3d1a546ee8b7446158d551de2c54f3448d9c0024003b82077cae80df3c4f5df55625bd6dbda34126492b6bb1c74eaf9efcce4b37c3a9d22d25f12d750c618e26001eaefd0fd7a1e9a8d35c286bda492430dbea33957a752633f2653db5e431b87c2bc9ead802d38a69a3fe47c93d576c7d8db8f8fe8ea5addb356e393a41399e107fc81c93c7f1c8ed8ec75556f8db4368df0db52acd743e4a4d1d418bcbe61b3fb393d8823f0d33d9b7345237b299819932c8707048f81f9eb5f89524774b45a2e31124c52c94e4e3a9561c867e8548d7929d8d1c355a314ae768556cdf0cf4d5c769adfd21b46dd39397f2844ff1e49eeff003f3d5347be0f4d587b12b8cb64afa162730ceb320c7ecb0c1fde06b32616db5b581932c847308a4a78b063fb3d75edd68949e156cda6cf259261504e304e16563ff009c6b0b8725a69ca2b72113e3dd3df0759f881455951b67685be92964634949fade4557a98e2f89f886d4e1f6285d2045b4207b2ee7ec56da847c65aa59ff00355d7b4061b65d69d38ac5c72738f357faebda66d6568ba9ee143b3f71572d66e1dab4b71aaf2d53cc9aadf21476078b01ebf0d3a6d3aeb0d86967a7b0d8a2b6d1b32b88e0a87eadc70c4fbd9f41a874d1d274e50467fdd1a3f43ec4806618c0ff0048d3bd9e48146d4ba6bf466f5b6aba3a661e56ecbcd3382e492b35ba675c1cfa9894fe1a60bc58b67eed302eeddb75378580e615a9bb563a464faaa89b00f53e9a55ad6863afb5490051141be6d3d00c0cd4503427f333eaca80c7c54e140c6aa294916354a89e17f85517058368c96f134a825305caa579af51d793b7607e47ae89c5e03f83f23076d9b2827ae4ddeb4ff190e9a29e483a0c464e7b119d1f829a490022260bf1e381abd9eff543ead87f88f44910fd9dbc1ca868cff63c9607a1fd2d5c3afe0da13e287d9f3c2adb7e146fbbb5a769456eaea3dbf593d354ad6d63b24cb1b143891f8fdfe39e9ebab22ab7eecedaa396e8ddb62b4f13d52a2e51ac99f80404b13f41aa6bed0ff68df0ff0070f83fbb6c1b1770cb76bbdc68d2991a0a199620a664f30191d547540c3a67be866ee82ecb181b05cf7f62bd9d4dbabc609af97ea3f69b6eddb6cd5ced247ca2f699088e253f33ca461f38f3e9a11e2fed38a6fb566e1dbf69a04868ea370534ad1d2533148a07f2a4790a20c85018b3103d49d3ff00d856eb7bb4de3768b5ede172b757c7490d457d454f91053989a472a30a4bb90c30a08c7727a8053bc75f1a6e7bcb715f692c8b4365b5dda75a8ba7e8a40b25c5e3ca4693ce3df956303ee921396485e80e9fc3e15f33ac6c10df2867678a1de3ccdb1abfc62de177db9532565a2aeac343434911a71e708d5652cc4642991588c019c8ce339d2abef079b6f5da8a0a9a8db50d4c910a6b3d92014f452229c96a890b996523f6399918127de03a68155da696dcf0c5ed06197f47475130ab8cc644cc3918a30a0fa6002d8cf53d011a3567b85b6d9668e7a74b75d2ef3cb2c6d4a3cd9274eabe53b2bc262555605b0acc64e40300060ed3218a301bf9e6816e36500a5a588797c542891b01dba0273dc9fc7ae8c7b13d3152de5aaf04932432e7928618c819e87fa6475d6f35f5691d5d2d6f0afaaae74e5120278c81b23050805b248e382067a60f62f67dbe9724acb95f6e0b4969b7bf955b5ec9e646b29195a6a78c11e7ce7afba30abf798e3a9de89cf8858ecfca4dc339e68340935c2a053dba19aa2aa52562458f9927d78a8ea4f7f4271ade6c94746d8bb5589265ef0d332cccbf22f9e0bf405bf03d345a7bdb5c192d3b729a3b25bea9960e12d4a2cd5393d0d4d437150b9ea517844bf024674bb2a3450c7237150f1abac7821b892403d4631ee9ea091fbf0c6af39a436aba374089534c8d550d2d9a082dc67758f9c9316c93d32ee4600ebe8b91f3d6374a5686e1554d5b5515c1e0938196367923723d54baa923eaa0fcb42e2a892221a291a270430647c10476231a902a61c42bec91111b726cc8f997af50c73dbe98c67b9d32c751d15495307929195f6a5573da24466e43e78c7e583acea115120f679965674e526538843e8307ae7e3f8688dbaaa86785daae821a4b71b840668e9f9b948c9f7cae4e4e133819efa15551391555504063a34970a8640591589e0304866e9eb8fae9c6bd8dd643484493b2d45720f27cfd3a69ff0065f845be7c44b6d5dd3686dc8bf42433b192baa2a22a5a7461dc2c92b73655f5c7203d4e755fd65255d12539ad1152c952ca29e179504922b2f20e3910bc08e9cb38cf4efd3560ec1f0477df8a34b6b82d74f4d15a65f3aa21371b8f9cb4ca01e523d323622e4ca00e614b77c11d759f89e9281adff4916389163e47ca3c713afb612d5d45eb6f5d6aed3fa5a9aae7a50ad2b5aae6b57061b1da48cf13824023d0f43a8d4d49597595965b9c05c0e6c8a7cf902e40c955c91d48eff11aeb1d8ff63f96aaa6387c42dc924622a75134160b7c74701e04615aa15147987960f004b00791cf77fdd7b4f6cf8176fa6f601b5b67ed07f76aa396dad73badc265e5e5ac4ac4a0ce0672a40ea723b8cbff00ac97c8226539c79027f3cad5ce1cd66d877fe7cd2e3fda9b3f6654de296dfbc6a374d4d554ccb0c505050a53a17604a8669307a8527d320139e9a69dc3b9bc28f0b2ed5b65a3f0faa6e97ba3540d255fb3ce824640c1b9bcb3a11d41013047638208d6bf173c5f8fc40a2a9b06d1db54bb6768b4de63a4def4b3370e01d954f97174ebc1011c8039c81aa425b6a53a71a287cb8db20395c337c71f0fa6b5bfe938f99bd64b6dbfe3c7ceb4f2d5004f0b3b37679f0565547da13701492a36e6ddb1d0454c8a66f3ff00da78066e2b853c141e47b46303f7e976ebe3f789575822a66dd13d15142a561a6a3896348c1392067911f9e9226b695a73319210564082224f33904f20318e23182739c91d3d75a28e90564d2421e513792ed04715334ed3483a88f0a7232391e5d71c7b75e9933e0dd0bbfd8364c4658e14d1ba61b67891b9a86f505d2bae72df9e10dc696ef23d4d2b12a402f0f2557e24f201b2b903208e9a075d75b9dcea2a27acaf9ddea64692548dbca8f2c7278c498445f82a8000e8001a1cb2290181c83db590903c727ebe28f829608ec4193a8185c0209eb9ea47453f2c84b2361b28a3900bde4283966cb7c4b1274676deeebc6c9b8bdc76adc5adb5cf1188ceb0c6eeaa483ee9756e2720755c1f9e80f069169f8cb016a87288867552b82065cb6020c9eec47627b6b65452d351dd45254dce096995944d57421aa55411d7883c39907a74e87d091d74bbe68eb2d22b5aedd12dd3bd6fdbc2a62a9de9b82e9b827879081ee35cf3f959ee10312141c0e800d4dabbf525df692534f35aad95548ca90d251edd44927007495eb07be5ba9c8271d341a92eb536daa9db6c3cd12c83dd9aa6080caa07ed2b953e51f9a9047c74378495154de7d579d552b12ca85aa25663ea78e4127fd5a58e24336d11325eebb9fc33d85e1b78e7e08d252eddd976eb4ee78a29edf5d71a791daa286e610353ceec4b48f04add7dec85c95f42471bedadc6d69ba50d6cde63c0d98aae159193cc86452922725208e8c71f0201f4d583e135efc45f04ee357bb36fdaee36ea5a9a66a577bb422928ea9581e24893059918875e193918395620a4ed6d8753bbaef15b6c8f10a99e410d250c5319aa2794838550540009eecfc14674083138885c75241d45dfd573846e1b8b085cf54d13cb4f54ead246cd0c841e8c54904fe634342479c3c8000723be9ff716c0aa82f3536bdbd6bdc170b84038dc258695ea6167040711f94879a07561e676660700634b32d8eaac223aedcb6b945bcce6092135314353d41f79622c5d718eec9c73d0f7d33262a4c4bb53b715cd63631e2b3a7f6159565334d91d78a310346e9aef474fc7ca8816f42e33adb6edb3b55e868eaae7b92aa4f69c6228842b267d47940b3823b7518f5eda70b5526dedbf4c67ab56e6ac1e94c7fac213d15c74c938ea71f1d6bc53c8ff00e63c8dfc149cc44356d3af725d6badc2ac1928289aa4afbce4af0441f13d31e9a0b5b555fc0bd5ce72a410bccb63e993fc34d778dd9256298e9a98d2c45b9712fd17e3c4fa7d349370924ab9023027af27201cb7c068ef9728bb43612e3b52873d5b30225918e411d49eda86d5194654c948632c00eca390fcba9d7ab2612c890c23aa9c633af2d1e6396385d669a60b028191d598313f3c0439ff00503e9acb9710094cb588edb69a92a292369c46accb9c98f97f0235b28364de77a5cea6976850452d250ae2aee13621a78dc8e8ace7393d400a32c49ed81a83c26f31292df0cd5157248b05353c43934d2b10a88077ea481d35d6963f0abf49562f85b61ae5a2b06d38616dd371a65066b95d26c7991c5cba96e4c101395455cf7201526918eecbb41c6b741717b05b75276fbae2fdc5b42ffb30c55957c24a6327962784e555c77460402a7bf423d0e8cdc6b92e3b1a8e5894aab5c97cc05b279794e703e0010d8fcf5d47e26781764b3edfbb4bb52e3256d9a0963a5bac33540984514fff00cbd5ab003dd0fc73d3f65fd411ae63b6da6b6ede19c76ea455170b76e19f9c6c9c4f06a750793e7ae19480b8fda275e7f17006d3a3360fb14f616673afacd08f74926205ce47bba6af0f6b051ee78a12a0c7590490609e99c725ff00ca7f3d417d91b913ff00a58dbe9329d6749b5f74d05652d6d3dbd4cd4d2a4a87cc5232a73f1fddacceaddc969b26687020ab2ee991149c6205b1d076ebafbe20867aca484450b18a9864950707963f969e6e1b3b6e544f8a7f132cac1dc70496c15c87bf63d080743f70ed4b65557bbcfe20eda5942052a686b13a77f553ae0d394e851f12439c351eff005554d3daeaaa559a2f2554363ac6bf01f2f9ebdab122da14f4e9c62de3b62453ef722675ce7e5c35ed5847a71f44a51e63d426a92f14f463955d6434ebdb324817f9ea149e256dca1cf3bb9a823f669a27973f8818fcceb9e8d5421b9084bb7f898f5febac5ee352dd20555ebd82e7f79d68d81b24f338abd2ebe3c5aa8e044b7daae758c6ed69af5926648407a499188c7bc7de550a0fa67a8d4ca9fb4fee07223b6592cf6c8c860af5533d438c63e617d7e1ae6ebb3d5cd4f4ad372212463d4e323dcf87cc6a5b59a7965fd6051863dbd34201ee71a16a5ce01a2cd2b7ae9f682df55a78a6e696890b7bc2db4914031f0c904fefd29dd77adc6f0cdfa6ef174baf2eeb5971775ff80b11fbb4a916dd538e6797d74569ecb0c247dc51f25d3d1e1a779da92524f0b45136b4dd2e521b6aa50414c8cb329016304fafc747bc2cf0d776f8c7bb68f6f5b2a248a99dc7b6d53b7182961f5638c02d8cf15ee48f802448b4edb378996969237972c86578e3e5e5ab384071d064b32a80480491d40c916cc6bbe3c3cba5c6dde156d8a7adbbc4b15247554b4bed50db888f93b35496f26594bc87ab290197900a380d5e4c1f54e198d93c95b0f2891b60501cd18de3e20dafc31da17fdb764ada3b3c704d2edeb3d1d04fca78a1f2dbda6e04632ccec163123712c5a5e242e0af2cd65e6e1556bb55b6b661152db92414a8225575595cc8d9700336589239138f4e9ab4e8f65f887b3ae55b7adcdfa1c0966f6fad96e71a5c0acc9c88982856cc8bcdc8c1c1cfd34a8fb866dbf73ba52edbbdd6dbe9ea9a5595e645904f1cca012ed866f7971e84839ec7235aac63b950e0a1b95b62ec9dd2ad0dbe39882d534f4aa4fdf98bb13f82ab1d31c5b8eed358692c8b5ad05b68964611c714507baefe631964450f20e4011e63371e8171d06839a19201c55a278d1b8068dff019070573f3034d96215bb7296877551dbe966a6b55c569c1a948a68e4af01a45592263974f2d49040c290bd73ad00d6b05fa2a9ed1a5124b4bd869a9ea2a6b0d35ca7898d3d1f9599618da3c2cd275c47cb91e287de20f23c471ccbdc37ea2bdd45b61b65256525ba82963a6a1b547c5d69db8af9aeac065da49033b315e47201385180b709e8a58a9a5a46af92e139966b8bd4ba943233e5447dddb03bbbb12c4f40b8eb8da2f572dbd73a7ba582e1556ab8d3f3f26ae965314b1f24646e2c3a8cab30fa13a75a0117c504e86966d22148e4784792ecc179bf266e2403d0741df1af555c64a88c47fab4844a640914614732304fc4e71ea71f0c68797112804e11571d5bb0d1db3ed0be5ea4cdb6d52d5c6a86621dc431c8ab82543b10189cf64249eb8ce8a5cd68b2a8401ba101c0eac4003e271a9702196430a24cf51901638e22c49f9eaf3dabf662deb5ab35f375545bf625a9ce5a59e54a782243ef01ce4ec0e061943f639d59db3b667803b1aeb476c4dc757bf77355388e0a3b4abcde61ffbc188c2819258ba2e3248c0e8a3b1a2f4d6b96a7ec3cca9c848d07ae83f3c173bed0f0cefbbcae5494968a17795d954888b600cf57793b28f4c8ce3b633ab66e1f67aafb4a2d7f8b3bb283675ba411b1a2a7aa91a7919471571120767704722dc49272792fa75f5278a7e16ecfb35d64daf59415315a5227ab82ceab3ba0924083de53c5bdeee031c609d43d8fe3eed4f11ee35f41b7a8169ae14a824952eaf1d3875248f75979e4823a8201ea0f51acf931b8990191b873906e4efefa0f42acd644d76474a33721b7cdfb8550f823e0ef85bb85ee971b15054deabadb324557557ea5929c544ce0fbeaa4b120e324312c5bb15ceba128365d3c5637a7de0d42f468937b54146c6968847cb2acf18c02782fbcc718ea3af7d01de9e3b5ab61455cbbf2d9151cd046b2d252c57086a65ad6cfbbe5c630ca01c1e4e17e593d35c6be2a78fbba7c5c9a7a59e4167db8b2656db4cd956e9d3ce7c0f30e3d0fbbea07aea983e8ae91e9b96d9d98f99375e1405f90039a2cb8ac3e09baeaeeefadaea3dd1f6a8da4b3dc28b6adf68924a52156e15541535714ad9059618a20be62e032f332a00704731ae58a6dbb76f1c37f5e6f17cbed9a9aa5c7992565d2a450a0857a22a464c85703af10580f53a49e4f550d2c28ab4e29d4ac7240a10b027387ff111e84f61d34cf63a2af9a38de3952214abceaa6f6449cb296c2b3291ee01903a63be75f4ac074141d0d139f87b0f22b31ca6bc363af2d7c1797c5f4b3e7753a8b470ed0bf4b5bab7c27af82fd2da696b68af8d0f1e3556c632d3302b9f75c819c670703bfae8d49e0cd76da6b7dc2ef4b6e11a4e8192eedc295c3363f5bd54841cb2dd4741a2768f1927f0daa6e33dc2a2ccf250ae28b8d18692697230e55645022032799233d00c9c808fe3bf885ba378c364b8f895593586c577a05b8c5476ea4fd74d4e6468d392bbe10bf025725bddf7b07a8d2d8de99c5e0a84b9432b7fe4e35c0680779e1e297c3e0e6c590f692d37b7003bc9d49e42953f7eaba35bc4b6db6b25cdd676843d248042c436392bb0ea87d0e3b75d7ca0bbc7b4b70515ce1ba5459ea685da48e7b6550a6a98e4208f75d848e5307bf1f78330ec71a5986babaff71164f0decb5a1aa58c71474e8d535d52bf06651dbb655005faeb756f845ba6dcd8bdc3456ea862730545c61f3830ee1e3562c87e4e01c9d7cdba43a6f17d27212d1a72175f73e7e8bd945878708d01ceaf1dd10a6a9db773b9d5cfb9775ca8b5323cef2c56f96a247959b2492dc075249278f5ebd3b106d76e6c9aaa091e9b73d65656b32babd05a2478e25eb9574694b8c923ae076e9aafeb7c3fdc14514931a21530c64e5e9e5497a0f5e20f2c7cf1a010bcd4751c91a48278c919525194f63f30758a7173467fd8df9fba7031920b8df7e89e6f568a2a048aae82492ba80929233f28b8bfa64900807d32067e9a9d6cd8773afa7a8b856d2565aed34b189aaaa450bb8850e38f438196c80a0b2f2cf4275a36bdf6aee9348b0dd65b65dd232c08884b155aaf520c67b38efd33c80c81c87bcdfbbb70deb725f69ab1eb6fbbad0d2c53279f5866f6473912c4d2383c8725e4bf772acb91a71af1237302508b9ccd08d5698b675aa9ad42b69293f4a4cb285912e752cad1a7a4c218c00573dd19c9031d4e4906ab234a6a0a66b5d54d152c231596f89569219090073cc1c242b91928ce704839c0c6a053d6949712101d490d1b38e5d47623e9a2b67b2dd2e353345496fa934f17b924f509ecb1143d321e5e2a7a7ccfa68cc68769c7f3f3549ba4939a05b9aa2f7e206e8a39aa4d55d6e55afe592d2bb8891179109c8929c80ead9e8149f8ebde1feff9f656f2b45cecb0d3d4bc15c92d4929d2740e19954fec200bdc63a67d0e8dd3d256580dc03ee1b55beb26a09e9585b6e3eda1d5c28686496201635619058364631d89d2d52d976cd3ca4d457d5a8681e330d0296ea40c625941c03eb807a74cfae9a6b1c1a5cef722fd375da55156f5fb77576f9db9594775dccfb176750254cb4f6eb4af015285e499269a72dd4167f2d62c962c700673ae64a5a3aeb8c1e4c71544f2b8f71446ceddb560c9ba29e9e8adb1c74c2a562839c71050ab066472aa4904bb2ae3af6193c7193a852ef4bd54cc12825348df08492df8e962184d04cb5ce013ad6dfad30edd8ed56ef0eedb61a9f66810dd2a6a27aaad90a01c9b8b1f2d092a7de0071ce069599a4ae769a6aa9d8b1ee311823e831a132d1dcab98bd6d44f2163962f2124ea4c362638c824fcfaeb420618c656b0d7794ac92b1cecc5c2d6c9de8296291a126a2ab89f2d436472f424f6c0d088daa238b867dfeb97c7539d324363f747bbd7e9db5216c85ff649d1df0cb21bd90bf551b455a46f67116415c20d19a3823a7a28e58d4bd49072475e05b1d3eb8035baef4b1c0eb1f64ce5cfc877d0666676668c925fab0427f9692cbd43c970b4c87f5adb0acef07e0a5ff94bb55d6e417d9b6dd34f7b90345cc3c90ae215f82feb181e47b635d3ff00670d8f71a8dbfb877fd6b55cb71ba5237b2c6e823e7572d479f2c8849ea4aa522f2c28e48c3a85c9e3ed941e96d1baea553f5b2508a78cba21c64f6c9f79727e1d0f63afd0adb1789b676cb77b3d9abe2a1b55923f22d1345e454d7d6ae0bbc6b281c7996c02392b77c02002be29ceea83983571408cb5d390e3a3425edafe08aed1d87bde96f75a959b9f74d0d49b9189f30d3f212bc50c448eadcdc166c75e3d00c0d711f8790349b7ab6a2a89964abb9cf2962df78e1413f3eb9d76bf869e235eb7e5be4bd6e9a386d6d1ddae94e9431a32fb3431502b90e5bde670e48666c1c9c000606b8cb6743350ed3b541229466804e430c13e612e0fe21811ace94c81e44a6cfe04ec458580c434459a38e1ebc3afc73af919492425b910a33dfd75a646a827dc000cf4f7c6be835091e18f519ce181d28e2b63090e67663c16f8555eb69f058feb57d71d8e7512f11c73dcaa79820f30bdfe006b3a2925f6e858f65c93dbe1a132cb3cb70a9978b710ec79771ae6d2ae2cdc8b748a9ccf5275ed4179df91c9ebf4d7b57b093b4868910ec07e5adcaa87e1a84b37cb5b925f9634d87b2f64810fa5ebcc0af6f0c3b709307e631a228e8ca8d9e8541fcc6a257bc6d674019fcdf3a405788e214c7d0839ce739e98ec075d614b505a929fa756853f86988e468793480f639d184484abad892863df434b9ff4fc35e3332fcce9a13d254c36afdf03774ecbb248282e36cbf6e0dc7523ce55b7500a8a7a57cb22bcd920e23560c0e0aaf98c4f5c6ba52ede24d3dba7929a1b45c4c31f2553054c31aaaff940f4ee7bebf39e56968e3afb95bab2a692bfc811e29e464322961c892bdc003a83df3f2d0bfed5555c65f32eb5359533b3f2965f687669874fbc0b63b0f41f5d23d644653d6ee56b31ae310c8765ddd7af14ed372315af6dd03d65dae354b4d4cb5d594e882538f74c814e001ef12c4103aeab5f1da4d85b3ed1fd96b4d4b6e2f12e9ea629ae97a800347484ab73a78727a90180381f366e4388e733719ebad105b64b84b51494c7cea3a4762114c8712148fb066e2a4f7cf1d4584845e080281e83a635b306524169ecf2bdfc4fd10cb6b7d4a316e315555c91cad1d3cd2c7c29e4619557cf66273dc64027b67511a19229e58e7e6b2a39e6ac4f461d0e47c7d3518f5e8dd7d3462490dca9c54860d5904616a549eb220e8241f120601f5e99f8eb6e30d7a5dd6d5091bcb1811c2dff0079107fe3adf434d356ca69add6bfd2352e8edc111dd822af266001f74280496f41afb494bedb5314267829839c19676e28a304e49c1f87e640d12b7d34a8afe449342654f2dcc4e50942412a48eb838191f2d6a41d1cfc4e918407ced8b572ba760f8554363a7b2d66f4b54b35c2e7e53cb1c94c29e9ed946bef0a99667590abc8460288b91032485f75ba9f6fb6d42ed250efeb26da84f2fd5da6144ac6565c1492b6afcc91c01d9e3484f5f4d71e53f897e235654450c7bcf71ccf2b858a9e3ad665e44e02ac78c0f80006a4527881be2a2658a1dd7769a566c0e33ae09f872231a89bfc5f1b38a73da07ff235e85bee92ff00a9b58eb02cf87d6d75e5f2d1e1c5250d5dc2d12dab716e18e9cfb3d7dd6eb15c2ac3a8f778495aeea1f380beef11dcf6c157db1f666b9503ddae773de863bf6e2a7963bdc3431c759593a49ff422b6a164289c78862b102707d38aad3366de9e20de63610ee2bba4400fd6c330420ffab1d3e3ab6ecbe17c77ddb0b73dff00ba3726e3b955b38a2b4c77492a66a8e00e400580c0f53f7571d4fa6b1717d092f46b409a668b35a5b9de1b0a1e63c54c3d26cc43c86b0b881b6807c9bf7566da6d9b33c28f0dae362aa7a6a29ab3cd87ca35a6e35151205f754f18c1623bf009c40ee3a9d72cdd7c464d9d74aaacb15b6d82f725434cd56286385e3e4e5ca2f02485e44e0977603010c63dcd276e3de30510a8a1dbb4915a68848ca5636cb13dba9f53f1f8e3b9e9aae2b2f74e326790b9ebebaf4984e82c2e0f34d8c933976b44d0f3d4fc9497eae7c51688e3c807759f8007a2766afba7895bbe5addc935c6e7553234d522dd49e6ce6245cf08a351c50606391f7507539c0063ddafcd7110c7ecf05aed74b91496f809f2e9d4f7258fbd239eecec4927e03000eb4f8b17fb5d92e94365be526d6b3dccac758b4b0aa4f5011788502353295c120f500e4939c9d5615f7d9656c09c943f7476e9e991f1c7a6a4f4f6070b2114086e8d0dd87b000f85e9c75a4f3b013ccddeaf72773eeac9aadd76fa0a26113c8d5864e8b851104f8e7249627d3000c7739e8a35fbeab1a466a59e48d8f6656e2475cf423a8ede9a4e9aa19b059ba138efad51f199983bac6aaa5d9d9ba003f89f4035858cff002cc4cc0b62ec84d41d110447338594f7b4f715b2cf5135ef7053417aab8473a2a0a82c6057ce7cf9f1f780f44ea589f4fbc18f62787fb8bed1bb86efbabc44dcb35a36ed0c626afbbd5c4ce5941e2b0d3a7452460280085418e87a2941da3b5aab7aee4a0b152c1593d3cb3a7b61a58c348727d14e3b0ea7e1d4fa0d74d6e7b8d4eebbceddf06fc3aa9792cb662d4fce5748a39e44cb3d44c6255411a00589c1e83d491af24f3263df9e677679f3fe93b24bfa7ec442ddf085add2af7454c9e1f7d9d2c12d8ac3306593d849f6bb92ae14cd5350d821327f68aa0ce34e5b43ecedb7693d868f7c78c5b72d75f0b394b5db2aa9a696266c13996670a58e3aaf944647463abaf6dc7b4bc3ada7687f0c6e76fbe5a65a9a65dc9738d56435a2a392472bb0385459300c7d943907a9275c4df6a4f01edde0f6fea88ec7e7d2d86ed02d6da29e46f38ae5889a02e705446d8009e44aba6493c8e959a57340118a1c381f7f5e6ad0c2d366436ee3c47f6ba76e5f64c82acce7c36f1129ae57145e6686e70a44d27c4f9b06028c1efe5383f11df5cd5e2678575b3d4d65bafb6a96c7bc689433472a81e7ae5b0720f16563da45246548ee0e49f80547bcae979da563b5cd5b77b15f6768e92ba091e396d12463333ac87ac6d1afbc541c38e23bb29d772f8bbe10536fcda322582395ef76247fd0d34b504c95337532c2d23124a3e31df0ac0301eee098cb1b43592bb335dceac77da1089ce25f137296f11b1eea5f907475151415b0cd09682a69e40c84e414707a1f975d5952dc25f65e5432bc54955c6aa3895bdd8cb0f7801d87c3a76000f4d2e788f6e8a8af71d55329586be1128520f2561d1830f46e9d47a1e9a2db6d8d5d8694367114b2c607d4893ffd9a4f0d1b993ba14ec8e1244d90231b5edb7fbfdc6a2936d5353cd7014b3d6493b222ccb0c311793121ebd141f74753a1535c6bee8229ee15d555bee0286a2779388c74c02481d3e1a31144e8c4c0ed133a3464a3152518619723d08e847aeb25b613d0af6f96b61b85908ab4a75ad080c951505708ed81d87c3f0d47f3a7504b3313e9a72a1db75573ab8a8edd4cf55572fdc890753f327b003d49e835665afc2e876ed14b595ae959786e3142e3ac54f248c114a83f7882d92df238c68d1f4739e77427e29ac1b5aaa6c3b02e373862aabb1928691914a478fd6c831df1fb23ebd7e5eba6da6daf0d2270a7844683d00ea7ea7b9d59d2d864e4405f741c2f4f4f4d7c5b1c9df88271ebaf41060a1845377e6b027c562253aedc92045626550c50143d3a8fddacbf4308bdef2c819fcb560ad865032400a7b85ebd75aaf56ea5b063f4b55c5454f222bc66a1b0644233d17ef37d403a7f246d1ad240ba527449515b874c2fefd615b00a684f1393a975172690b8b4d29312838a9b8134ea7fd31805dbf200fc74b3729af0d508f05c96685d4328a5b5a91f35f7cb9f97cf4ac9344c1a027c3fba478a199e75d3c7f0a0770a0966979281c89ec543607f5ceb47e8b9a6211ddfde3dfb7f0d33516d7de55e625a2795431ef55434d1e73d7a009c8eb3bf5245b6ed15d1de7715baaaf2f198e0a1a581564e4c7896241cae0124e546b31dd5105e5a40efa1f55a62578218d7027bacfd12c6cda94a98efae70698cb1f127d2357519cf4e9807d7d7b7a8fd0dd87baecefe04c5bbeff462ae9a969e77b949570f379a385ca79879e720c7821738c1e9afcf9d9d6d5912e3468b1e26a49132bc59fb67017916f4ff00081f3d77778276ba0dd9e0bd5da6e978acdc4b76ab963b9d3cb311251068e38d699704954e08ac9fe56d79dc503fa7639fcf82d3c390712f0de4856f8defb7f6d785bb9af3b7ef6f7ca096cb5ab6999879a54d5058a38cb8f7f9237042641c82710493ae35b7534b6bb7d2d2b484886148fb1072140d743f8b345b2eccd69f09363c11b5050d6497ddcb5264339849388e943f605db8654630101ef93aaeaefb5a26e52d24e92a939cf2041d2b243d600e6fbad081c59a1af249513b4addc1c77c9c6bd2c8e339ce89bd8de18d8ba01cbd4684cf4d3c3db257ebdb59ce63c1d57aa872b211debe524e56776620008741e176313b120f362c08f5d4d5665690b0c7b9a19ef470c6bf05ef8d70042c5c41b90ad6ece5bddea35ed459082c49fe3af6a12c9296503ebf5d6c595bd4ea046e739cea4f2e9a36643c8b7cd2930f1ee0b0f5d7ca19c9a3a607f663c7efd686e4ea17a64b0033dbbe89596c35d57490f9701500b06695846a0863d33dcfe0357125155731b97558f9d81ef1006b68591c06002ab0054b1c7207d40fbcc3e6a0e9badfb56089c3cf56a08c10b4c7041f8f987decfcd78e9bad7494540e65a4a78d269189799873919be25cf527e7a335ee724dee6376d5296d8d835b77aca53554f28a390f195e51e4aa860464723c9ca92186300e30719d246e3d9b57b5ea674bfd3492d24550d4eb74b790e9e6019e2e3b07c63dd255bae7af4d744d2562a92f3ca1638c166627ee81dceab9f102996d97f86efb76e86d326e1a332b9a90a686bdd58abc4e0e5036403870509604953d49a6818630edcfe70fec78aa61f1321791543f38ff00e7c1566f63b9d551d2dc62696f56a473490ca0bc672803185398fbc0383c579101b38eba830de2a68a5314b21568fdd68ab69d65e27d475195fa8c1d5c165a7b7ee4d93b8364ddac9fd96bb52b4db925f65f3dcceb4b04c79471bb18c279723b1c32f25889058945d2343b2771dc610bb4eb6837bd1a29f2e9e8e559ea1101ec29640274f9944c7cf4a659623711f4dfd375a65ec23b7efb7aec87415d1d4d2d4ccc287ce8e48d529a09995a4560d92bcb272b819fa8d6a5bb8a0914d75254c0591802e9c7bf4c8cf7d0aae860a3a934d79b4545b6a94feb6352d1b47dfa709013fbf5f69278e9431b55eeaedece7eeb2ba0fc5909fe1a347d298a88feefcf353d431c2ebf3c93151ee9b5c6a5a6f3c10400a220723e39cffef3a354dbe6c88013255291db3067f9e9624adb847c40b9d8eb6628a7f5f4913b9040232f3443af5f8ebe475574cf29a9f6d4df26142bff00948d7a5c3ff97e3f0edcadca7c5bf672ce97a32297537ebf709f2dfe2659ade6a5e9ea6649a581e149053b0688360315c7a95e4bf463f1d6b4f102d258470d4c8e588545348c7e800f8ea3ede7db15348c7756d6a469f9604d6cab8da361f35598713fc7e5a315162d9868a4b8586d8b4f353c9d16a9271861d415227208fcc6b663ff002ae9270eb1a62d77d1f7e96b29f81c2b5d91cd7fff009af55947e264149ca25ab991d0e0c6f1b2107e1823a1feba1d2f89b746339b75455405a36123c72303e591ef0257af139ea3b7c748171bb53ddae8e451c504f2b92cf0b30563fe83903b761803b635a1e8594e72707e7a427ff2fe90c434b4068f007ea4a722e87c2c4ecd46fbff00a442aeff0035431e521e9dfae878ac593cc334a5388caaf02c5ce7b67d3a75c9d697a5c7a6b57907d35e627c7626736f712b5d90c6c14d0b609f39258fe5adc95f1a51d443e517965742acc7a201ea003d4fa7504633eba8be46be883a1ce73a40c8f27546a6afb318798f28caeb8ea5d429cfcb19d346ddaea1b3edfafa97a779ee92c9fece490515546172083d4b9cfe034ac22ed81d7e3a33510182868a3e3c84ee70036080b8fdc4b7eed59a4816551f4452b33c36aa7da3b72f7798fdb12b6a213430963108de4981f324c905f905ec171dfa91a273dd1bc3ef08659282a7d9f73f884b352c2cb2e1e9ac7049c650304153533a15ea0868e03f1d293bcad6bb45badcab254b67c85c97713ccc11012ddfaf1fdfa74fb4e5d297f4926d95dbb6ea5876b79563b25e15a64aa7a4a34647590733138694bb83c430c8ea73a3cb21eac31bb049c2c6890bddb93a2b67ec6f663bef6def7db35ab3d2515cad1510725830a1265e0c509e9c91c2bae3b64e8678e5b4f71eedf0a7c33b53c5517fdd76bbf5558822132cb233c3c95791ea40313753d001d48033a81f653f1513c2ddd72d16f97aff00d130519a5a69a72c451e4a199f001fd433e08207642c4fba46bb376fbc736eab8de7c3ebf5aeb2c978ab86a5aa61912a6967c111d44292213facc29200390dc7208ceaef77fafb438022f98d0850c69cf6399db91d9227821e1555fd99bc2b34324a6f1bf77355a2c74514cc605aa65c2a28ec12340cf2498c908ddc051a7b977a2edaafdb5b7ed37686f3fa16f54b6bdc927943cc0f550482263dc21f39e124027a3e3a7aa0df7c5a49fc5d976d51b7b4efbad8a7a3a1861712c561a61838665ca9a99b8891f04f044504fbb9642db314bb7af7e22bc4f0cd1d5556d7dc2eaae58ac93caa2546c81d7cc84303ea083eba0c587cf41dc7ff001edc3bfc91e598b0170e1f9eeb9cbed73b6a2dbde236e9a4a5f769a2ba475d4e8ab8558aae2329ff00ee73ff00d8d57fe1ed3f9d6d951c13c2a3901f5897fa0d5f9f6e2a747df55ee8a3936dfb7bb107bb2d54b18fdc3551f86347ff00c3d555b31e225aa75527d5111573f9e74e61232fc6309ffb7fa4295c190bbc7fb4421a31cbaae71a65dbfb5eab714c52855638232167aa907b91fcbfccdfe51f8e347b6bec592f652aee7e651dacf5403a4951f0e3fe15ff0031efe9f1d5ab416432469476ea75829621848621eea0ff00dfa9ebaf56d601bacad5e84d9ac743b7a8da9ad311cc8079f50dd6598ff98fa0f828e83f7ea7bd13d456db69d5598ab4956fd3a80aa513f02d238faa8d6b7bd58ecd512c12d61b955c4c43d25b53da65423bab904468477e2eea71d81d0b4ded78acb9567e82a0a2a4ab648a18a9d55aeb591a0cf4289c628f9b1e5ef900103bf5d43a668ecb755dd569ae89ce2db8cd4f2545414869a05e52d44ce238e35ff1339c2a8f992349d74f13b665a64f65b43d5ef1b803c443688c7901be0d52f88ffe0e40fa1d0fb9f837bdb7729bc78877e8ac367a5712ad5ee2ad590d3fa725854a5342d8fdacf5f5274af577df013c3777f3eff7af122f118e262a12cb4c3e2011e5c607d0caa7484b8d0c3db7d7822330c0ea1b6b7d7788d79bcd47b25b9e3a06c7eb6dfb7e16a99d49c611ea9813f1c98d131d30ff000f5bb60ef3bc4d355476c86c90b0e52d455b19ea00f577392ddbd5dbeba4fbefdadaecb03d17873b4ecfb528c065491e315332fc180c2c6a7fdd23550deb76ef5f13eb3d9ef175bc6e490bf34a38d99e246f8ac280227e00693774a440d31a5c7f3cfd15ce05e75710d1f9e4af2b8b6c0da73baee5de515e2b549e505b1bda8923feeb283ebcc91ea342dbc54b3ad363664368a2902f437da878594fc9230430f9f307e234b7b37eccdbef74f0616e4b65313d5a4fd637e4bd01fab0d7406d4fb0fd046124dcf2d7dc24e84c4cfc53fe04c1ff00c5a838ac6b86b518efd0fd4fb2075183bd2e43ea3e8df75415faedbcf75d01a35a9867478db9436bb953013f5c8c471bf98c00e83903eb9d5572ec6ddf6e9f97f67af11be321968e46e9f503075fa4541e0159b6ec6d159eda685001c9e9a8954b63e3c57aff00bc4eb4d5ec8a7a5531470cf4eabd559a9da46cfc4918e9f21a01c1c188d6494977afd111b8ac441d9644037d3fa5c17b667dcd6ab853cd75db579711fbcb2436c2cf9f438752a756140dbbaaa796a76a515f2c0d540473bcd8a30c809f758f23cc004e323a671ae8fb8ed7929072334a011f79a9648c7fe2d325178610d058a9aed7d9329332b2ac7d582b03c7391d3b1d34238b0aca32120f76a952e9712fcc23008ef5cd9b6ed35fb4e9da0a709354d44866ac9412ed3bfc4f2fbc003d3e193f1d39c571ab8d1110020f7e238ffe1d33f887b622b74b4f3da8ac948ea3ab120a9f81e9a56a682b59434912b200707cd5fe646a988eacb0398b4b01d68716bf5d5655520ae0cc17848065948d2d56d1f7cc60e7e5a2d39aa49331c783ff007a9dbf3d0eaea89173ca390903af14247eed6490bd417f24bb3d1a066cc6bd7b003ae81d553229c7140077e8345eaae4f148d22724607d54e96eaaba31d17ddf96a0d00b29e4b9c5449d10484045c7fa40d7b50e5ae1ccf5fcb5ed03335528a45a3b554548e48ac57e2170bf99fe59d1aa6b1c6847b54bc8fc231fcce8ad4ca727073fd351bccc9ee74a90bb392a446905346c29e25427033ddbbfc4f5d4cb4cf2081d396144ae71f539d428c161803ae8a5a69ca8391dce88c613a04079006a8d512b3b2f46ebdb4c1150b853e7055c7a11a1f43071923232307ae3e1a69a5a733f5c77ee7b93ad4870ae76eb364906c144f2e2a4b44b56d6d92eb5104d95a635ab4b4f2c66365e3210a6463c9ba2a951d3249c634852d55f91858ef9b356f1b5efb598b7db2df379d3d354606453bae591fa93c5978b7bdd319d5dd4167a5aaa66a6af844d03e323b11f020fa11e8751f726d9b8d0892e4120ada0508d34e8e21746523833a0c6240718910f719c29ea5f386666d0d5fa7810a8d9ded8c022c0e1adf8837baa123b5ee3a2b65c287c36bd54ee1b34d04f054d9278f8d7d1ab021c352925811cb25e2c82465b18c69229e9f6ad6c71435935cb6f57a0e32ca631570330e992a38c91f5eff7fe435d29bc6c9378974f4939a786a372d13868aeb0feaabe55c7bab27121662081873c5863effa6a98aadd5410dc9ed9bbadd66dcb4ed2334d709d648a62d8cfb95708f318e720f9825191dcf53acdc4e1baa786bf4e5765be4770b4b0d88eb996cb3e1a1f3e0513a4abf1126a08e92c57ba0f122da08c52968eeadc703dd5a5a94f698c0c775451f03eba5aaedcb60f3e68377786f05bebb3c58db6b2a2dee9f58e4f3101fa28d1c6f0f365dfa9da6b06e1abdb53489d22bdc02ae9339ebc6b6981e207a978971f1d156d9fe3359e8c1b2cd36f4b3aaf97035baa62bed3f003ba427cc283afaa2e812473b07681af270f7d915af889b040f569f6dd57b7f8b65c9e57e8a977151cc638988ab582a94294070190c7d86076f4ea068553db6c13b84177b873638005ad4fff00bb47ae9b86ae0c525f363d9e1a8038cdced72d2485b272708cb838c76007cb42a9ee76789fcc96c4901e5eeb255ceb8f97aeb3c869770f709e19b2e97ec9c6cd664b3d3892804972e272aad4cb4f9fab194ff0f5d6dde37a30d0b28c29238800e71f8e800dd8f50634b5d34c55061a28f9cdcfa7a96c91f87c341ef14d78b8d33555443e54087ee33056faf13d74e3a6023c91a4db1174999e845a0196e707a9249fdc74e2d4ede52f21dc6b5f87db3abaf754f25240d3371c165195894f7663d87c00ee73a7abb6d7a8a4241858a280074eda6f0b8295d0e723751362636c992d57cf4ff2fdda8ed4c7be34c5351142463afc3d7511a986707437465a68ab8783b20669f1ad66261e9a38d4a5bb0d6a929b1dfa7e1aa6557cc85c31729141f8ea6dd6a15ae9470050e29a942904e3de662e7d47c75e8e2e32a91e9a135b219770ce5431ccfc401f20068531cac0ac352aeaf0ce9bdafc51f0f29e58e220df2dd954c3720ae1c0e85b2495ed9f9634c96cfb3f6fff001a77225d6c969a9b75ae2b8544f5173bfc66087de98b10a87f5921c8230a081d8b2e807854f1d378afb0a69a4869e08aff006e691d4f0551cc2e7de1df2464f6cebf41b72edbf123784359fa5b73dbbc34b400ea9250486bebd93a8e466904714078f5c468cc33d1f572fa6169e280c8f3383b92abeddb03c25f0676b41b4f79cafbc7755c691a95238e98d5dd2a4b176514d4ea5bc95525b81e814f76eba7adbb3d836852574d68b9526d7a5b25e24bc6e88c39af757781deaa1a995321253ce273c3ddcc5c579713aa067f13b637863b828b69f80d4b0df6e973b8414bb87775c267965aa12c811923a900e7de605d948503eef26eab6bf8af645d83e1c4969d9f053d0d5dcedb774ab99104f254bd35ae5922323b006460b0840c40ee3006aef873b4349347e82f6fcf25224c876e5ee6bf3ea97292a3c35d9de31c177de9b5f72ec7dda24a934178f35eb2db768da27413874c86262941c710cb85e7d41cbc59bc39a090df6b686ff497ba3dcf57655a4aa8dbddf64a368c952df7796564e80fed018d51fe07fda6f726f7daf5b49e2cda6c77bdbf4711f6abb5c65149cd80c71c1044b2f139cc6a18657272c01be76ad652d4c16f3e1c4a2c569db6e22dc766ada10ecf4d866f2e4e4c31220e6564424e410c0e38e9968788bac6fadd8e63bc6be4957e57ca6376dcb8fd8e9e6b92beda7705fedfee68b3c9a921b4db40ee19bca9aa2419f9178ffe21a9db3f6a587c3bdab608bc46b852d0d7ad324a9687ccd51e6484b92608c348e7af6e381ea755aefedcf0ef6f176dd35e6b69add4f5b799af5709eae631a451395e0b93d792c10c615475e470075d119bc4df0ab67f31b7acd5fbc2b092cf34dfecd04ce4e4b3bb82ee73dc3a1cff008b4c452370cf2e73802001afa9a1c54b9bd73450b04df7720ae08bc41177ad30582d5506218f327ab8ccf2fc82d3c2c5558fa1965403d57a635bae3b6770dca856b37e5e2976a587ee9fd2f5f1d3c6f93eb0a148cb1181c19a4438e83aeb9cef5f69cdef5b19a7db62dfb4a8c642476ba61e6053e9e6bf261feee07cb554dcae170bed67b5df6e15572ad7014cb5733cd230f4196249d524e9469d1b6ef1d07a22b70aefe46bc17555d7c53f06767c2b4d0cd7bf116aa1002434cbec5408474c7bc1703e423753f1d24de3ed73bc5a9bd87605aacdb1adea3f56b434a26953af5f7e405467fca83485b27c0edf1bf678d2c160a9581fa8a9aa468a303e3d8923e60635d33b17ec11349e5547881b8228d3bb5350fc3e058ff1c9fa69773b192ffc8720efd3fb3e417038767fc6331eed7fa1e6571fdf3706e1df17049f725dae7b82b86447ed550f50ca09ce1412788f90c0d589b0becd7e206fc7436eb24b474c4e0cd508405fc3b0fc48d7e86ecdf063c32f0d91059ecf453d52f79aa5964727e38ec3f869f1f742c7188e8211e5a0c2ac646147c80d50431375a2f3dfa0fb9f6525d33f8868f53f61eeb97360fd82ed54662a8df37135d20c1308395ff84607e64eba4f6c7843b1b64d2c705aed34ca13b064523fe0038fe60fd75f65bfd6ca70229cf5eca846bead6d41199418c7cc75d5dc66aa6b834726e9efb9f32aa218aedc0b8ffeed7db61e5499a5b8414c812921540a303038803422aae524c0ac921f2cfec862aba1b256228f7d893f00341ebafd0439e4cab8f8f4d0d910bd3528ee71a5babd124042f26f9f61f99d29dd638d2360bc7cc2321c0c91af95fbaa2527122b7e3a57b86e78a407de047c54eb5626496b3a50c2b0a5a6125c624593cc2f20fbe4e4f5d5a5bb6a129ad705379add389c72c76047f3d54969bac72dc2228af953cb20674d1b8a6a8af8e277930060316f5d03196e95b98e815b0ccc91ba86e9777c3f9f60a48d5991fda9cb3673918031a449a8e478bdc5e83b9d35df0a2b53c52649462d8f4c9f968754caac982b8fa74d232485ad002dbc2b00b291eb225a7e5c71cf1d485d2adc9cb730475f91d3b5ce0476254e4fcfa693ae9184e448c7e1a0e6b5a068048d56cd83863d7d31a0756edd7074c95899ce307ea3402a5082789075ced42c823541242791ce75ed6c990f339035ed2d454ad6ec4f6d65127238c7e3ad117bea3a9ea3d34429a342472e5f98fe9a206d94a9d0299494f939207e3a60b6d30eddbe7a1d451c648fd64a3af6e00fefce996d94d19c059dd4fc5e3fe84eb5e08dad165674b99c6822f6fa5550397a75c699681172b8e83b60685d252a0001a84faf06fe9a39434ed0ca927381d0104867e39fcf4ef5800d10845aea8cc2197dd8c00fd80d0ef10ed55f36dda4ac1510476aa36e53c32390f24ecdc5081d9b033d3391d4e8d524465a8e4ad080cdf74483a698772dbe827db115bae48f389c864485979c6c3389324e0633ebdf246949a42e0183728a221da71e0ab2dbdb7e69f6adcf700aef618ace51c4ad2f9632c718cf6edf13a594f15f626f6716cdf9cdf8e123ada988c90b1f8827ee8f9fbbaaefc57db3bdb6f148f72cb2d6edaf373452d28228f91ec19074593e4f93f0246aae99f977d27faf9a0ec1163914c370314a03b8f30ba36e7f674a7b8f2b9785fb942990f209e773889c76e59e43d7bf33f2d56f7ad91e206c4a992a2f1b76a5d63e86e16b664623d0978ba8edfb4a0f4d57b6cbfdd36fd479f61b8d55ba5f534f3140df503a11f5d5a3b77ed41bd6c8b1c7758edfb8618cf415913230fa346cb8fae35c315857f361eed47a7d8045ea310d3b870efd0faefea4a1b6df197c45129a4b4ef7dd51c5100169a5ba33301f05563d745ee1e30ef6a8b69a6aedd9bd24a8e5eff9d97848f870f33bfcfafd34c35bf682d8fbca827a1de7b07d9a49c109574152a1e9dfd240ec8ce483d719c1ea0f7d57d475fed3295b3dc63a9e27a7197cac8f894908c0eb8d6c6019829c16cb390781d3e09faa0cad91ba8880fce748156eedbe54b93537299b27a99298a9fcc75d42fed25d1195a3ba428ca7209858907e3ef21c6ac48a5dc8c008234ac3fe18cc5524fe0849d4a81374541e2bb3a7ad63d302caec7ff08d6a9e83c349ab316e1e2d27e1c847152b74ea41f3fbb52f5b3c71f116dd0c7052ee78aa6963eab054c34f2a0ff7644d31d278fb7f980fed06d5b05de1fda7a756a693f028fc07fc0746adfb6f7954435951ff002451d5c54718926f6ab3ca842e40c8524163d474009ee74cd5172a9adb053586e7e04ed4a66abe332d40a1a9a498027018c80e53d7a123e38d28ee8e7406a2c5e6f223e495c24128264c381e9afc2493bdb656e474f6ab4dd76dd448dc4b314aaa74f9b4838b01fee74d0bb852d82376f66bfdba7504e0ace0e74d15fe16ee1bc5be3b25afc29a1a1a4a5ac9264b844ccb24fc940e3ed524879c431951dbae751a1fb396e23f7f6bdba33f09af1c8fe51961a96e16470ff64b19ff00ed7ecd5c4b19458d70eed3ee90e7a9b541dae54c4fa00f9d4096eb40c08150aff407570c1f66cdc1346aab68b7d331eef0d3b4adf9c8e57ff08d315a3ec8d74a8c3d45019b1d4f9f5291afe5903f769197046f47b7d687bebecae312c1b871f2fcf95ce94b2c5553814ec1f07ae340668b37698b2861e796c33711dfd4fe1aebeaff0004edbb1cd34f7af6282350f232432ab6123009271d87febae457b8c35b595350a8115e692411919c2b3138fc3a7efd6674861861d8c25c0ddeddc98c2e27af73c069155bf7ab3a533471dbeb681e07991237a7292724f36360c8bcba67de5519f9e9ff00ed0b67bd5db78cbba2aab6e55db1f7352c57db4554d33cb4ea93a2b7b394cf057494940b8edc49eba45da553fda3b4b5a95a38eaa9873a61042c0291f17e801fc3f1d5c3e1e43b53c55da63c27f14aa5ecead5d254ed5bb28546b7d7c8c4cb4649f74ac8ec5d15b018bb20656f2b50e6bbab123350ab1c833989da154cd92c572a2a4b7d44304b12c8239d1d832a91cc61b27a77e9f3d7e886eb4f6ebd6cdb75d4aac8d70ad85d1ce1bcb9a95e2e58f875235ca83ec2bbb36f6e4b4cf5bb8a92fdb7e2b8c0b29a6575923844aad234d1c8ca110206278973918c7aebb4ae8d51b97c41aeb653448686df3514b3cc63f79d9d59b8237a00a993fead4b3102876680078f757d5418083abac923879fd1705f81df67cf1037e6daa7dc8b4925352dbe30bb7c562796924ac4b7991823a286033263ab11dc2922fddf3b036df805b22a6e373aa37ade55d6ef67b95c2aa4e491c2e0f9b140a7a83332b06739731acadc97006ba3bc4af156c5e195b5e6bbd4c0d7230b494b445f8e1464798e403c23c820b6327eea866214f05dff007cc5e3dee5bdc3b9524abb2db823c69e6b441e791b0cce14e79f1450141c468a10963c998d83388c4650746f0ef236f2f643c5f51870e79d5dc6b803ec17285f6ed2df2ef5771aa62d254485b2dd081e83f2d1ddafe186eede4e82c163aa9a273813c8be547ff13633f4193aeacda9e1eec4da8239e82c095558bef19aadfcd21be5cbb0fa69e97781813cb8dc51c44600a6400e3e193d74c33a15ef717cceb2797dff00a4b3ba5da006c4da1dff006fed531b3fec713f18ea7c40bfc54111ea69e97a1ff89ba9fc81d5edb47c3bf09fc3ee3fa32d70d6d6a7fd3cc9e6b93f1c9ebf8f4d41a69a3ba49c824f393dda67201fc3d747a38add4d1862b1b05192aabc7ff5d68370b0e1f468a3ddbfa9b3f097eb65c46aed7c76f414139af886c0082c76b0883b65703f21af35daf370426b666854feca9e9f969306e46462b4d10e38fd9f747e7af936e7403934dc9bfc20f41aa1875ecb7ea536d7e9da7790d13ac4514feb662cdf5c9d6ffd234b063387c7c7aeaacabde18255652303b0d04a9de1300783be3d751fa67bb728e1ed68d02bae5dc90c4080c1547a635066de50c64e27c7fa4ea87aadd6ec49f3a45cfc5b234264dc32d43f08a57918f4c2a9d106059c4a9388ad95db75f10d6353c677ebfe63a52a9f112625824a598f6cfbc7f7e7482d49513a72acab58233d78f73af89554b42c7d9d5797fd663274c360858280b542f7b8a6daadc775a8e8ab81ea4f118fdda8c2e74f0a835b05354547ed3b2838fa694aaaf8e7259c107e274265b848fef72047c3525adada9466a56e5af70c6b551f18e045f77216303a68edcaff00e654baa0531b7d75535b6b8b2c72aff76f1f1c839c10747d2b4cbc3df19c75ebac4c435b9ad3b11349927a9173ad679f3e62803906c6463035a2a634e2705ff120ff002d69a28c95e58c9ee0e7b1d655153852380523a100faeb0a5776b45af10cad402be9b393929f3e87f774d285d1510302ccdf5407f9e9b2e352006efd749374aa42cc092350d3655dce3495abd23766e2dc7eaa7f9674bb55100cdfad4fc037f4d1faf6539c3641d2e55c9827ae8e4a49c10e915837de4fc5c6bdad334e4bf7d7b4351a2834f2128a744e9dfa8c9d04a67c28d11824c7afd3448ca55c13350b824674d16e703a9edf1f4d23d25504208eff003d30505592e32d9faeb41aed12c5b453c535401f77afcc8d1da39cc8072624fcf4974f5808186ebf5d16a5adea3071abb4da870a4e74f5820cb119c7a67d75b16a249a4f32521c9f523f76824354938fd7b1040f75bfae8940fd07afd3476380d52af693a2310f16a79a068e3969674293d34ca1e1957e054f4c7d75526f5fb3ddbaf2d2556c49c59ab4fbc6db56e4d3b9ff00b297a94fa3657e63b6ad381c1f5cfc46894528e3c4b03f23a99591ce29c15232f84db0ae16dcdb52f5b46bcd0ee4b6d4dbaa7baacc980e3e2a7b30f9a93a00e727235fa155f494b77a06b7dda969ae96f7ef495b18953ea09eaa7e63047c754deecfb3758ae5cea36bd74fb7e76ea29ab434f4c4fc1651efafd1b97d758d2f473c6b19bf95a91e39bb482be172b6bdab0b72f82bbcb6d65ea6cf2d6530ce2a683fdaa323e394c91fef01a42929e489ca4838ba9c1527041fa6b31f1bd869c2968b2463c5b4dac15d91b9231561ea0e35bd2e15711cc5553a1f8ac847f3d4720a9c118d7cd52c8444cb41e226efb51436cdd57ca22872860b94d1f1fa61ba68fc5e3e78a90fdcf11f7611f06bd5430fdefaaef5ed13ae97fee3eaa9d5b0f00ac86fb4078a0ffde6f9be39f8b55127f33af9ff002f9e259fbdbceeadfea941fe2355c6bda28c5e246d23bd4a19c3c27f80f40ac93f680f1308c7f6cae78ff52ff4d451e34ef99a757afdcb709d3239032771a4481d239a3796312c6ac0b2138e433d46476ceae2b9db7c21dd3c2aad579abda155527ff957a79278a263e841070327b8931f21a6e09b172d96cc411cdc45f85e8949db878a83a2b07886dd78d6becabcbd6fcdc97f1225cef35d2d3b82a60350de5f1cfdde39ea3eb9d2eabb230642411d88d5bd53f67fbb860d69bcdaabe2041cc8cf0120fc8a907f03ad2de02ee461f7ed2a7e570fff00e7512e0f1f23b348d713cf7558f1b8163698e007a244b26e5a9b4d5432c734d1796c1879533479c76c9539d5cc95f61f1262f69b6cf6db3ee1f282d552ccdc29aad00f591f0039cf6c60fc73821669fecf77e6eb5773b5d3afc448f27f05d19a4fb3e5be2c35db75640eeb4b45dffde7618fcb4fe130dd20c197abb69e6404962b13807f6baca2390255a3b6fc7bf173c29a74a29a4a9b8d053c7e54505eadcd708d54f654995d25e3d46159d800063a6b3b9fdaf37fd451a51585adf63a99db94868addc6a98e1978a2bbcc7800481840c001ef0c684ed8f0736d4dc28edd457adc4412784b59218d4fa9e3105007d49d5e7b7fc289ecf411436bb2db76f44fd5a585446e7d3ae3afe674f9c2362372e56df03a9f4d12acc5be5151dbab8d57bea57370da7bd37cd41abddf70a8b3d24cfe64b2554864ac9cf4f78292486c74e7231619e83d34ff0063b1d16dda18addb6aded1d3c7d7a0e6cec7bbb37a938eff0080c018d745da3c1fb54a237acb87b54fea5d43007e43a7e6746eede1c515aa8d5dbcc78d01c6155411f868ccc761217e96e76d67e884fc0e2676f6c80de43ebdeb9c92d158e09ab95698039207538d15a6b4189c3454eed91fdeca3a7efd3f56cb6fa2327b3848988c06f2437ef073a50b95d6362c4d48c9ed989bfaeb44625d277213706c8f502d6a6a56521a5b8451b839e3192c7f3d6aaaae800f7d9d9c0fbec33ffb3a5bb856062dc258081f16209fc31a5f9ebaa07bf0b3ae7b32b6ae08dc9572d35549aab370b459e129900ff19edf80d069771099b0c5a36f883d3411ee358c712431541c7ed9553f98235e117b467cca0aca627f6e3432a67e440d7191bb2bb58770a64f71671c965493e87ae7437da6a676221e581ea4e06b6a52471382f148a73f7a68cc60fe7acea0ba9204b13281d8481bf81d0f3dec8d949dd7a1831ef55cde61cfdc51d34452e8b4cbc208e34007a27f3d2e4b5250fbe388f91d4596b531f7f03e67552ee6a41ad932cb7667244841cfcb432a6bba120051f5d6aa1b5d7dc40745f229fbf9d30c03f41dce8f53596869191e6e55b32f50d28c283f10bdbf3ce82640118073904a5a3acba7178e3f261ffad90607e03b9d31d05a286930ce9ed32fabca323f05ec35b64a80c46482759d3be5b27494b31a4c323011ba594f10a07141d940c63462954487ee83f86835210d8c77d31d0c7e5ae5b5873cab4a3629c2248e20085edf0d08b846ac0b20f7c0edf1f96a6d454f4efa0f57523af5d651712536100afe0e858763a43bb70323609d385e262a1e443953f7c0fe3a42b94b92dd723478ca871d100ad2327bf4f9e81d5b83923452b64193db40ea9c0c9d1ed00a1f29f7fa1d7b5a646f7cebdaada8a4362970a31d4f6d4c8a6271d742236c0d4949718d4b4a0108ec151c4743a274b5b86ce96e29b5369e6e2e093a698fa417353b52571e840eda2d4d70ea016d27c1393033720a33803d4ea553d5e3a67a69a63c1427353fd357e7a13d0f7eba2d4973309015f3d34834f5d80003f86a7adc3017def5f4d32d20e882f61dd5974b7857239024fae34520af493b1e9f13aaba9eec540c1c68a535eb1d9f89d1728e085478ab2239df19e440f9ea6435d2a745048fae4690e9afc41f7893f43d345a1bdc448c820fc46a6c851d5da71a7aa8e33c842b1b11d4afba4fe5acab65a4b9c623aa58e6c7a4f0a4ea7e443e74bb1dde165fef4a9ff375d485aa8e5fbb2c6df86ac1fcd54c17b25fdd3e0d6d3de4d1cb2d2525aead13889ad94f1d3061fe7882f063f3e87e24e916afecab4b21ff009bf71463e75146dffe0e357147222fa60fa956d6d5a8403abc83e8da03e1824365bf9e48ccebe314d77e79aa0e7fb295c94fea6f16d907ff00e54fe4751c7d966ea0fbf58928ff00b07fff00d80d743a54267ad54bf881d35b9268fa72aa95be6b8d0c60f0a3f8fcab193147f97c2e7c8fecc124783325ca6f8e268507f3d15a5fb3651a8fd6d9eb2523d65ba2a8fc953f9eaf0f3e1ff1ccc33ff59a910d5c31fbdef671eae7afcb4610e19bb463d3ee504b712ede43ebf60aa3a3f00ed54a016b0da148ecd515d34c7f2c81fbb4c76ef0ca0b7366de6c76c7c6334b438723fd4a3274fd0dd638db088a31f11a9ab7d72a57ccf2d48c7bba3b6411fec601e007d909d83320edbc9f124fd52853f872f29eb719f27a9f229075fc58e8b43e1ad3a01ed7575ac73d9a654e9f1c00753ff4f481bdf2723d73eba91fda25953cb90f16f4eb8cfd3573899f815cde8f806e16983c3edbd09e5511c950df0695ff00a8d16a5b36dfb7306a6b4d12b8ecef12bb0fc5b3a0b2dc9b19e4580f86a1bddc0cb7723d33a197cafddc51db86859fb5a159d62be4549590b498f2d727829c2fcba0d6dafbc864972d939257554d2ee0c4dd720e7472b2e41615607ef21ebf3d28f8407da6da7b349aeddb919675cb6003a72b96e8f6cb7352ab79bcd70a3b907e5aa3292e5c5c96607af4d1eb66e214970a39fcc6062955ba1f4cea92c009bad9598481495776569a5ad991b3d0e31a46a9af7989e2df968ff88955ff00c455c23fbbe665707d0f6d2534bf03dbd35b111ec029278a7159cf3b8ed91ad0ec4a47927a27f327f9eb133f99dffa6be37519073d07f0d58be90b2ad25d474207d7581901e8318d65d01c01d75165c47f7bddc7c4eab9d4e55b16431bf289da26f8a3107f3d632d7cca0b1a99875ee666eff9eb75259eb2b30f8f6587bf9928393f45ee74c3476fa1b7159123f3e71ff4b300c41f92f61aa170446b1c506a1a0bb57e1c7934f037fd354d346c48f902bc8e98292d76ba2f7a7a482b6a01c8965880c7d157006bd3d7331cb1c9ebdf5064ab39ef8ce8475476b43514a89609492b1c43e38e5fcdb43e53167a24808ebfdf1c7f0d42967e9907aea27b53038e5df4371a57455238e5380d2a1f4e2c1bf8e8ad1d0abb00277ea7f69469729ea7af5383db4c76c9b2fdfb6b3277909b89a0a65a2a01000cd2ab8f902353de708bd0e84fb600bdf5166afc646758af25c754f014a7d4d577eba0d5555f3d47a8afefd741eaabc60f5d0e94af970aa3c4e339d255cdb83123a213dbe0746aaeb3b927402aeabbf5d5da69725dac9324e8254bf7074c1593f2cf5ce80d538f80fcb45cca9484bb7bc7075ed7a46f78e00fcb5ed75aa5206875bd0ea12b91f0d6f490e75c0a110a7a376d4d81ce7be85a39c761a931cac3e1a334a1908dc3390a07a6a5c53631d73a0b14cc0761a931ced9ec34cb5c84423d1d49c8eba95ed47a75f4eda071d430f45d48150df01db476bd50847a0aa3d304ea7475241efa5d8ea5c1ec352bda9d7b05eda65af54ca99a2ad3ea4f4d108ae055400da548aadc9c617f7ea4a55be07453f5ce881ea2936a5ccff8baff000d4b8ae3f0393f5d27a5649d7a2f6f9ea4475b274e8bfbf570e5d49da1ba489f7246071e875316ef31032c181f88d24c77097a1c2e7f1feba9b057cac40217f7ff005d5ec29a4e715e645e8ca8c3f2d6f4baf20bee90bea39743a4f7af9638d080a493ea0ebc2e9303d93f23fd75da294e8b7025465ba773d7598ac66ecc78fc33a4a5bace71d1067e47faeb72dd67cf651f9ff5d5972754a990630d9cfc752d2ab180d81d3d0e9261bb4fc41c267e87faeb6a5de739f753a7c8ff005d415c9b6aa7c8e711c15e8c33a886b3a753fbf4052ef51cbb27e47fae8756dca549d82aa018040ebd33f8eacd3c1714de2e4c8301b97d7bebec95c9227bc389f89d27c57294919543d7e07faea64b70938e78277f9ff5d4d85547e9dc09032b1383f1ce8f4f5ad35346a87ee839fc71aaf61b9cc1ba04fdff00d746e1ba4c614cac67a7c0fc3eba1bdcacd08934e4391dbe3ad46ad8124b7639d09a9b848a4e153afd7faea0cf709781f753bfcffaeac1d6b88a522fb55ed722c84f238c31cf5e9a067ae0eb5bd748cc72a871f23fd751c56c98ecbf96899908b6cade7e1e9eb8f5d66c3881d0e077d44354c7078afc7d744e265312ccf123bfc1b38fcb3aa17ae0c51e0a49ab3ee7b91fac8c3a7e1f1d11a7a3a4a03ca35f326c7f7b2753f80f4d439ee737f853b7c0ff005d4096e93617a27e47faea335ab06808fb5492492493f3d476aa27d0e829af97dde8bd7ebfd75396a088d4f968491ea0ff005d54ba95c0b5b9e627d751e4a809dcf5d43a8b8ca095554033e80ff5d089ebe56620f1fdfaae6b524522d2d5f2ec7518cfd7e7a0c6ba42402171f8eb59ad903630bdfe7a0bdcb826682a3de1d74c74152153967a9d579057cb91d17bfcf46e1b9cc157a276f81febacc98a7a24ec6bfa77d449abf3eba5a3749f1d93f23fd751e5b94c4764fc8ff5d67b8266d1b9eb7bf5d09a9ad1d7ae85cd7197af45fdff00d743a7af97e0bfbf54a5d6a754d5649eba0f53539cf5d469eb6427f6743a7aa7f96b972d953383a0f532673afb3d4bf5eddf43e69d8f7c6a542d7237bdaf6a2b4adc8f6d7b5d6a282fffd9, 1);
INSERT INTO `car` (`SerialNB`, `CarPrice`, `CarDescription`, `CarPicture`, `Model`) VALUES
(11, 500000, 'Ford Mustang 2015 grise', 0xffd8ffe000104a4649460001010100f000f00000fffe005b46696c6520736f757263653a2068747470733a2f2f636f6d6d6f6e732e77696b696d656469612e6f72672f77696b692f46696c653a466f72645f4d757374616e675f466173746261636b5f323031355f4d6f64656c2e6a7067ffe2021c4943435f50524f46494c450001010000020c6c636d73021000006d6e74725247422058595a2007dc00010019000300290039616373704150504c0000000000000000000000000000000000000000000000000000f6d6000100000000d32d6c636d7300000000000000000000000000000000000000000000000000000000000000000000000000000000000000000000000a64657363000000fc0000005e637072740000015c0000000b777470740000016800000014626b70740000017c000000147258595a00000190000000146758595a000001a4000000146258595a000001b80000001472545243000001cc0000004067545243000001cc0000004062545243000001cc0000004064657363000000000000000363320000000000000000000000000000000000000000000000000000000000000000000000000000000000000000000000000000000000000000000000000000000000000000000000000000000000000000000074657874000000004642000058595a20000000000000f6d6000100000000d32d58595a20000000000000031600000333000002a458595a200000000000006fa2000038f50000039058595a2000000000000062990000b785000018da58595a2000000000000024a000000f840000b6cf63757276000000000000001a000000cb01c903630592086b0bf6103f15511b3421f1299032183b92460551775ded6b707a0589b19a7cac69bf7dd3c3e930ffffffdb00430006040506050406060506070706080a100a0a09090a140e0f0c1017141818171416161a1d251f1a1b231c1616202c20232627292a29191f2d302d283025282928ffdb0043010707070a080a130a0a13281a161a2828282828282828282828282828282828282828282828282828282828282828282828282828282828282828282828282828ffc000110800ec01a403012200021101031101ffc4001c0000010501010100000000000000000000050203040607010008ffc40048100002010204040403060403060504020301020304110005122106133141225161718191a10714233242b152c1d1f01562e11624337282924353a2c2f125344463177393b2b3ffc4001a010101010101010100000000000000000000010203040506ffc40028110002020202030002020203010000000000010211122103311341510422326142b17191c1a1ffda000c03010002110311003f00ab669c493d6c11c3cd755560416b1d57d883fb9f86013d7736a0246a482bba8db6ea40f8602d2ce4ccad1d9d59ba33950a6dd7f960851492cc054c825861859a378f48d9ba79e3e5e189cfb2cbc3d98b65b5ab12348b1ccfae547604ec2c0f90ebe98d172ecd9268756b055a4217b6c0db6f8df18ac33b42240c1d9c31bb15dfb1be0fd16675d0067a72797030111617d4e413607b8f3c566e32a2fdc41c30b9be68d39aa31bca10040b7b5860f641940ca7284a23209743b36a02d704df157c8389127a991a57559cc2ab1a9274fa9be0fc19ec13c21d5ce98d94c840f98eb8ae6daa6744d7604e1f8965e3ce20d8690147c751fe987b89b85ebb33cc659a9d62e5b050ba9ec76181990e6b05171667d513488b1cb20d05cd8359bb7c0df1617e27a180512b4c03962a74ef60ca2d73e573d7d079e2be45195a169a2670965b2e55967dd2ad02ccf2bb800dc1161837cb5b5ad8a949c63466ac146658a3898ebb5c1dd6f7f3d81e9b60d5267f97d4aa18a71e3171ab6f9f97c718735276694915dfb43caeaaba5a31494af308e36b95b6c49c44fb38caaaa8b35ad7aea7780180042f617f16f6fa62f5157c4d1bb48dcb2bb91e9db71d7e188d9ce669065f2491b1690b0550012cc362481ede78d3e5a851357913cc22d62301b8b5397c3598b47a83f2800509d40961d2dbe23d4716d1b3532c32826542eed6d216c771bdee7af4bf4c07ace31415d5c344a6956c635d0be2db624d8db71ebf1c735c914c39a33935f99c55a228eb73055e62ad8caf6dc818dde58e3899518a836b0b9eb618cf65e2cd48a5e25646983d8103f0ecc34ec3717b13dfdf10735e2cac9f3388c6552302dcc53d77076daff2b58635c9cf19f4a8c29a89a4c8605bea912e36b5f14ee34cdebb2bcd563a298246225665e5ab6e6fbee31589b896b2f512b87606557462c5aed76daf7b81daf706c713871051d7d74ed9952acce57433bb8b5ee6c40df6edb74b1df19e3e44b72457c961fe09cd6b339af9e3ab911e38e2d5b46177bd874c5c1a953b28c5469731c8f2bab8e5a15787991af3429165dcf848d893b76dba79e2c9956774b5e81810a5a47441ac1d4145c9edd3a74ea3165384a5fa9a8cbd3248a4436bae2853f184b0543c6d9553b80c4061311700dafd31a403a9030b8b8b8b8e9b7962a127045348e646ab903ee49b7adfcb1d2187f915b7e87f21af8f37cbbef33522d38337242ab6bdfcc9f7db0cd7d5d353d4bc463552bd9ec0dee47c77fdf03731aa8787e88d14336b95242f6e9ab56fbf6ed8a4e679f4af0492544e1ed2b10355cee2e77f3be3cdc8f295408e548b966399d298e1789574f8836c3dac475f2c0dabcde3120e5245ac6e2ca00047ee7f7c52eb73231d5309d9950d893ac1bb117fdce22cd9849256a2865b28f0c6bd58d8ee0ff5c45c4df66332e6330a79d7518e03216e852c075b63b4d99d347220448848ec2ec16d71b8b5fdc5b14b8ab6306148589478f49bf5046e474b75df0dc75e099956f660c06beaa4104103cee4e0f82cce45f60ce575a03269b831b0b5ceab75f7fea304a5cf123a5a78c54c22457bb8d2c1af61e124edb1bdc7c6fd319f4398b096c3969512463c12a9171e87cff7c352e6c664a6818b1218db538055ff00a7d718f17a45c8d2d78b51aa1cce26a8662a3a81d05ec7e5b5b638929c59452c0eb5134a2a075d2808dc5ae6e76b76b63278ab8168a39595181326ad7a46a06c05edb8bf9ff5c4ba6cc163062ab00c8c4ea551b027a11dba7962be16ba65cd97fac910544d3c0af3cd5507219237f11be950a41d831005ee700f32a6ada7d7488b2a2bc0523e6924a38201ba8dd4b6df0b7ae0664b591090a896c1d813f8658b0b5c5bbdf12c67e09a977886a55b895ec76b15b5874b0efd7ded8e6b8dafec9d9eab96be52237113155b1d040b1d3d0b77dff7189cf99a4d961a2ab4796b5616857609662c0a9256c0ad85f7bfd4e00419ad32240657449154b0445d20102cbb8dc6d73eb852d652d5d2bc9051e8a857258ebf0816b0b0e837def7befb8c7549c41a1e51c454596e5c934904144d0bddf97106665eb72e4801812469b77db13f37e3292a3ee6d4ff0079a7a6a84008503c7726e431e9b01bf638cc9599d44351ada2b15bb78ae0f523e36dfb63d7e5c3f778ab652a4122d626e00dcfa0ede584f9a75845d12cb1a55e6e4d64e95488b09e6a0339495d77d2a8a9dbb9f9f7c4fe1ae22a8aaab9e4a69a2489108e5d489080e45ecdbdd41dc8b75c501669a1515302cf3b2b9fce42eb4e8761d2dd88b7be09c79dc14d51a6332c75052cc934e1d80b76b75e9d4e38bca3d2b05c38a73582ae8d2a2256a69907e2a094104f9dc791e80f618af47999bac7cb9648c82842ddbc8f5f236ff5c059aa9648a59d2951d0595a42acc5435fc45bb6fd05fdb0e65799caed3d3a54812230431ab5ac06c35761dfae39cb89cbf6f62c9f5155241ca9e57903c251ee34ebd373a08b0bed7dedd7a1c41cc1ea2b6b6ae49c34e1880250a2c6ddcedb585f06440885e57990528895ca39d1cdbb0d8006e46a16b790be081cca81911f90a1c6cb16d1424dc86baaee7e9d3b634a7869237ba2bf4f4666cb2b5e5924aacd1c858a24dc0050dee2d6b5ba5eddb0bff63ea969e9de4aea315354a1fc73f28c11f423706ec6fd3b60fd567c1a3680540a358f74a6a68af196bdc96037ec3c57bded7c26973e1514d3a410c692952d232a2911a92092351bdc79817b5f195cf37b5d1744acbb2cad969a3a2198411514710748ad1c8f28ea403602e6dfdf4c18a6ad8f27a2a51499a51eb2444d4cc84c8093d0ee2c2e773d05fae2a0b5573355c5a923d422e68d8863723d6fd7e589cf9b542da3abd23948ae0c90a8737eccd6bb0b7638e5e47fe48da9d0c71356d519a433d4249043b09d5642acc7a022f616fdb119b8ae6a486b992a11ccd02d3caca023b580d405dafd4dfdbb0c0ccd6a3fc4e75a50a6382e6460b7611a8e9efe5eb86eae0fbcb9324f4ef202aca129c6920743b0ec3aff003c23c69afd8e6e4ef414e0fce6ab27979f32a4b19baab3b5d75025b63d88205f173e1fcfe134b230abab8a79a6324a9f7897f0b7b5895205ade9717c675514ef050d308bfde29e42f1aba4962c58dee6e2c7afa8dbdf04e82a658eb433cb288486d6035aea06e0f5172476184d4bf9c1d3d9232ad1a466f5d2c3586396b46a0a3f3d4ccc7eae2ded8f629925653662b1c958ec654511ea0d7d4a3a13b7963d89e59bde5ffd3ab77e8c411949256ebb6b0c47cc7f3c48a39592aa3914731c1b83d40b6f720edd3b620e5aaff7b5e6c2aeb2a95d36e80f43e98991eba5a1d53229a81bf8493a557b9b1ebd37c7e82548f30720cc2a5a7884722ba8f1b3ad902120f63db7f2c722cc2a95228e1a99c72df546ecfab4b1b5caef61e57c04e6b188b302e84fe5075000ef63bdfe7e58f4712aca85e431a31d2d1063a4063d7f9639e281674aca61319164791083a6fbaf9fbdfae3d2e6b22bbaa106323f5b105be3e76c038ce82caeac34a5994fa7422fb79619794cb3c8c006528001a45fd6fbe39b86c05a5cd2791c48c5d222a080aa6cdd801e7d31d4ada8e5bc70b0163f9548b027622df0fdb01a22c118aab89039034805ad6ea0f4b61aa5925357cb58e38c5c0f111a493fa540ea7a7d71ac3e02d2b2d4a05578e5991135203b2e907e5d7e7862b2aaa04ceb172e4671a9e556284ff08df7248d8623d455241611a9915aec625726e6fe6dd761e8311cd4d64729964759599b656d368c75b020dcd81f2dcdb6c45105bf27ce655cb1e192baa0ce968c423f320bdfd88ebf11891c419d473d3a18cc0928bfe57244c06e4dfb9f2b77ebd314ecaa5aa305473a47e4426c8b2382dd4d8dba5b6f2f3c476ab9e492751151bce42dc4705982fa7617e84f5df1cdf1b72abd12df4138ab2aaae59441372628b4ea825beb90ee6e4f72093ed6c4b92ae6a2a712b3c659a5d94dcad89f9fef8aec5ca6589de39b9ca965edafc5b8d3d4efe670fcb31d024a9e68883302a5b49423ab5ac075bdbae36e040ad355491d33cb044a19a52aa87607b7526c36c216be6459472c2bc83568b58280771bedd0dedd70066cce248c252cf22c634d99c06bdd7c57046c479796254529828e16967a7e4960da6e4ab8dec77e97b1e9feb83e2f6d026ff89d4c75b1a542f2c3dd85db76b0bdae3bed7b61f9b3458e1693912ea62549914330703dbcb62710cd5558a26430892565b68e690cbe46d6dc6fdb03659a05646955c4f52106b5360c0f50ca0ec41c171a60b2d1d534f1b454e540dc59f7001dee0dbdc6fdb04b2acc264a9514d35a357b31b5c8b58f87a027af5ed8ab2fde69a9505146b3aea3cd0a42ec6dbf98fdb6c4e8a86a68258a4d0dce00a90f2040c3d7b8ebd7d3a630e35b4546a5c29c59f78ce24a178d82cc14c718170b61e2236bdbfb38b95557c1022b378d5ba85dfc3fc5ed8c0f2dccaab2c9fef5288d67405e205b7d88b8edb6e3bdb06a8b8be79656592a2469dc08dd92305345c9007a8bdafe448ed7c3691d633fa7b8e33785b3998471908e34b2920dc2fea03bf6f862b9f794920951833292502c886fb0f10dbc85f7bdb7c3d9cb42b5e0976963e6b78581b91d8b5ba0defd7adb10124103b47acab8bb2991c0bedf337dfa6118e88dd90a2e589e29954278c72db51f0903b03b58fcef6c702444def28119d4cca7c4a58f7e961ed8ec7a2e2573269490a92922b102de47b791f7c3b77e6d3b690e8010c0f84ec360476f4fdf1d99938102c9ced44c9662dd949b74205efdbded88b524f29003aad1ab9b0b8b9f7e9fcf0eb4aa6272ea1c966b4848050f70477d811b76c4673189f99068445652b75df617076fa6088106b4748ab2dc32b1f0951beab589173edb74c4301a385d1e121d43220b31001eb7bf7f5c48aa9198999d15d9d8822e2e41dedb8db7f6db1c79675a862d60ede1f0cd620f9dfcb1956bb02b9b2c2911967979eb6d458128876d200b1bfadf0fd254cd2b69701b4a12e235d366ec48db6b1c4591a6a885eac15789400411a4937b8dbb8f5c3f44678a925752164d981d0185c91bb13bdba74f3c1ad149f5b56625890f206b0c5da341113b0075589b93b74d8fa6184ccc08d291437334e947640585fb6fbfaf7c0c85842ef23d3c2da98eb50c7adf7b58822e2fb61353053298962a895cb372f53465085ec4ee7d319c174ca3d5735dc243cd79de531bc4a9f980b0b9b7ea3e983993454f971d2c564ab01904a962aab6dc151def6b9dcfb606d342b0af3449346cacc90b5828040d883b5f6e9bef85c80419a4f21678d753471c77d40922f7dad7f7efeb892de901eacaf98d5e98644998f850dbc406c48c72375a781d1b985e4f1690a1083dc6aee2df0dbcf0c5524598319ad1a4eda5ac6c35eddcf91b75fa617534af4cab1c8dcb943d9408ee8a2d7b58ee7fa6234ba037533bc158629676a7d60044d01afa8f5623aed6df7c12ca68eb6b99840d4cf2a6a695dcf8c2804eab11d00eb7eb7037c0ba87549d5574e891cea626fa8ed62a7cade5b0c10132c6bf7079d5b7e60965f1d988e80f99f2b6f618cc96a900ed408228658a9335aa48248164e485118d6a2fa5d9b771d48006d6f8e1c496b9e358a6e4c111be88e602ee74db6b5cb301d093b62a0b22d4d5b9659e3d4c06b275b4bbf4f41b7f76c5c6a6d9665b995565ef97bc3c91248b4ace88e0eda0eab306522e149b5fa74c65aad1a5b03c928d4935555358af2c061620dfa6e081bf7f2c77ef70ba0759415dd1cdeec8dd6d7b77f9606d153499d2889aa8c3e0d32b480388906e2e01d4c4dac2c3dce19aca5aba3578ea4c25d06d2c0da84aa3b8503a7b8ed8ccb8d3f7b27a17592544b3896e0920331b9b303db6f2df0b8eb5b9f189b53907416b83b8ee3cf6c0aa7959823ba5c8fd2c764bed6206df0c1082111470c60895647bea41a4a5f6d8ef7f6c6a492d332188b30d7965142ce6490ca5c4429d9597a7881bd989f8626e6159119a5e4b554acde22f62437a5ba8607e82f8ab2c3a75c72f4d7a81371616e97ec6d63892f9a2d351a81532d9ae36f09bec37ff004dfb639be34de8b6184ad86b2a1a1875960847881f10b58123cbcb13e8fc14ee951142c1c97d725d5981ea493b0b5b6b79fa62ab43584c2d34b2c11a378636084b72cdb63d8dfe98993d7ad524514cd23c5193cb1123286373b02a2da76ee0e3a7892d0b2c35199c710a78630fa9c15dac146fb79fa74c4633d445abf01542a843753f900b6c3e9b8f3c086ad31a72a9073c48c750b5e426c3c4a3616bdc6d863fc41b43b4723a47102ea082770371bf4fe58c2e374d44a8235af23ce0abb0f0a83781589db1ec01a8cd144ac66671236e552ea07a588c7b1b5c12f86a9059b873338f530a0aa0a4d959627b0f337b6e7031f20995c1782a1350058383b0dec71f550ca69d5afa23517b80a1d77ee7ae22370cd09935252937ee8430f7df1eac24ba37e247cbcf959d09a50c6c415b5ee7d06d89032b4588c41401717655bb5879e3e8ca8e12cb9d58183c4c2c49a78efbf71b6c703df8032a28540200dc07f2f5b1f3c61c7909e23009f2cba9d4e23602c3bfb5c7d70ca6573c444b4f5a229c5c893480db8dcdbe7f2c6e355f66904a3f0278c786c753b03ebbdbdf106a7ecb630b1f2048ef76d6a27551e96b8be0a33ad93c5fd988d364f55099246689d9bc3f844a8616fcc7f98c2a0a67a791b96eb731e8d4a8494b756b74b9f2c6b6ff0067799c31fe1c3a0dae087d676f4036c429f81b318e3245249cb1b0d4b7ebd0efdb0729fbff00465f1b5d19ac9a809259a202556e60b9b83620937edfb6214b119aa65314b2032103f11f4820ff0010df7dbeb8bfd5706e68b712c202b75764d763d2c09e9b7be199386eae02d6a60b26e5cdf724efbf7dc76182e4a262fe15a712a5108c05463a48d02c8bd483b9b917ee7e5884b4f23cf3c914f22bb2dca4481475eb736236edd4e2c93f0de60fb353a2c8f6b0b8edb5ef7bf5c439b25ab49556a6954004db48d5b5acb7bf402fd37ef8d29a32e2c06f0c71b192331abc6c1d6490336900faedee46f85d4493491a194731823280926c1bced6bd8e0ac7934e8230aff86492435f4816ed6efd711aab2c89a9e25d6517490c4addb574247afbe2a9c5b14088a258a422490153a5ca98cecde64e2630d33d890620472e388ae926e4ee3c81ff00e712a9699e69162a58aa2a469b04862698defd4d875c16a0e07e26a853241c319b48cad742295d751eb7d476f87ae37d93168aef290cbf89e3d3e147917b9637e97b37a74f2c4da64a58ea1dc353c8534b2a80dbf5b1b7407d07d3170a4fb2de3995d9c70dcf1b69b47adc27a6e45f04f2ff00b15e2f50e5b2d5899881a5580040ee4dc75c1c24d0c5949a2ab3552d588c43b102f26a27a7e6b8b0b8f5f3c44adac067922672ea06a2effa98920fb6e3af4c6abfff000a717c948b03c4a9662c6dcb60093bd8971dbeb886ff00605c5091b99246955bf3848622cc3d473b7f8622e17dd1716645534f1bd4048e18b4a904e904dffcc4f51b5be98214b511456e706823d56d405ae41b800f5b7f5c5ea7fb26cca8f4255c59b837ea72df0937f30f6f99c49a1fb26cca3a96926a3cf658c5d554e508fa2fe57900bdb6bef84b8db18b2919b3318d744722cac7baea1aadb9fe83b603299e698d3b03a221ab63a4daf7b027e36c6bd37d956613cace66e2b883125964c956403dad303d77be0657fd94661494eef366d32c1d1cd6e53554d717f3559147be2c78da5d1aa2853b82c2484207520b044d2474d8826c47d7ae3d2954e6dd01e53045276ef702fe82fd707870566a65bd38a6cc89055d292b1253e879674beaedf9715acc696a32c12459843574ccc4829511ba8b83dc9b6f8c62ccb42199d60360a6337042beabefdbe77c3267d49f901607f2963bdac6e0f5d8e24c2b218cac2b0bdc92e5817d5b7f7b0c25aa3c0b6894a04557711e9b0bdfd6f7b818a851c99f981564915e46911a30ab72c2febdbb75c21f9219a4d2aa599803a48f5b8046de5b63a54695205c0b6b214ec6e40000f9e1cab9d56775955ce802c58d8dfa763bdb1035472934d3ca850b3a1263d8eee0efd3bed8f492c85d2939bff076256e0dafd7e20fc71c9442c2d4c3f109b12eb60f7f2f3b63b980d7cb6b2891e141d8283d0dadec77c3d952b1151322beb48ca466dbfea61e7ef84bb2c72c2b152acc6437d37d254fafa77c7aa45b5c2aae4a8017964023f976c49a1e5ab335e655d264b3c9df6d8f9fa0c47a562a826ccf024d1ac956951cbb3a18ec0b03b81b580e9ebd4622659594b532c94eacd4e5a1174b173204dc2904eca2d727e0063a6a04cee2a127e50d6089a767dd88258db6f2c489659e969e38607a59a91c093989247689b66ba93e25fd3dfd31ce8a0fab252168644312c7e101542861d06fd3a1f2dad8772dad6fb8b33bc71822c5a4249b01bd89effd71073091248c110b01a44a01bdc58ed7dedd3b1184af2234a8e752885f4a3c6e50957bb0bede7b9b6378dc484b8b3766269a9ea6495648f438310402306f6b9e9bed899414f2a4f13d3d565d3c9221d117334f2dc28721837603a3743dba6024ac9487f1969a59105ac0140a3d7bef7c179b2b14f494b254e51373432d44a51b4c66271f86091ba5f7efbdfa0c4945148d90d6b4f33ccf134665502ec2f1abdeca361617dfbfe9c59b34aba46a2a1a3aaa2a37e6a9591a8e6d2035adadac7fe21efab63e46d801938aaa0acd5a453c44a4970e0b9241d245efbd8f5b61ecc2678d9b9923c54b3ea12e85d2ceddb5a8f09b1f2bfa633249cb413a05b85a5a93ade345044ad0ea0ec47e95661deddb6c135a786ae8ea2baa5a38e46612c6aaad6604907a5eddbaeddbae20e66229472e09209228bace43234bb0e848d47bec708cbe54498425b4473692eb1b11aac6e01045afd7a8ebbe2c96ac84fa88c455538a992112a206221935804806f71b74ed8e43389ee29e045b283a91f4eab798b752371865a9e9a458feea92b1856d2f32c1756e4a0ec05afb1eb6bedd30dc08f398d951117f3150de20a0f43e5df1cda405d3bcbcf9638cc8924a6efcdea45ba6fdaf879184730fbc33cd500f352443a6c76b1b0ee2dd30ed39778d1d9453c841ba823558922f6f8f43880aaa63fc1710a6f66537665f337ebed825641d89a1ce5e39268a389d1b58656d28e5475f43e8312b952c90a3d4542c740accb0c61ad76236013d6cddef73db114388a74961551346430574b827b6ab6c7dbb5f0be4b565653b88d4daec8114aa420f6b751fea71b619cba4337302e994c6d66773a8dd4d9510dec3d2f6dbdb11b9bf78019e416b93a8dc6927663f4ea7be10c94f565f44812488d919bc5a80bebf87b7977c312fe2d3a2d2bc9346cc236d3136c0fe507d491b8c74851a42c72e369115d23557206b0cdab7fcc0f91f5c7b0e52509aba75d434f24988073bd813df6bf5eb8f60e51bd8d9f6807163b127e7870c6ac3716ef71b62324e86e520723a5c6f871d355b98ef08f27b01fbe3d07a05020eeb2023a58ef8508d1f6d3620f55c3712c6c6c275700f4030eb73545a9e38c773637c0083081b613c8ef66b0ed7184af3831631391fab73fd30a896a2704c71cf2106fa638f5fd462144180df60de5b1c37f769f45a39829ea1ac4f7f2389f2c13c2ab255bc7491b0ff00f22448edf337c419738caa2984499b65f5b29d961a176aa98fa688c362e24c84352ca4b24835a1b123429071cfba895d5a4a4dc7462aa77f2db7c726abae66b250c397467a3e652da423cc411ea6f8315c71220ee1aa6b6bead9881cb8ad4711bec36425cfc5b0f1b64cd116bf27caa256fbe454d12b1b90ec1357c0eff2c434e0dcbe4025a5c867988171348394807a1908fa0389359c4f4d946635397655453d45753b08aa532aa545589f483a5eaa6655d5661700b11d08c0e96bb8973170e2872ba5bfebab9e7cc64ffb5395183f13f1c6bc31f661cc66ab8032e2e466598e5b4509df931969d80ee2fe01f1f5c16c9b84f8632f8e36a2a4aaaf64fcb2a65eb2dbd98a301f4c57b338b3fa4810cdc43591f3988e5d053d3d10e97ea885c7fdf807f713559a5026613e615c5a7048adaf9e704286620abb95b6de58d478e11e919cbd9b18e226cba0112d1d540a06c2a3954fff00fb691884fc783511cca453e4d9a5183fff00d714ecb32dcba212b479465f08040d71d2c000f7256f8725a85864758d61555361a6155fd80c6cc665b538d679180804329f24cca8dbe9cdc4b5e29ccd5434996d768b5f50a532affdc971f5c67d3d5aca2cc91b03d9901fdc620ac54ab37363a4a58e4fe38e21137fdca01fae28ccd4e838e29ea2428560775d9951f4b0f753d3e36c1ea5cea86aaca8e11cf4590589f6ec718f3e6333c6ab5322d5c4bb84ac1f7903d99fc6bff4b8c48a7aa88d84150691cf486aa53240dd365948d71f7fcfa97fcc302a9266c66a42dac45bd1ad869ea2341ccd2554feab855f89e98ce0e735b1c353485a4a5ae48ca8595417858fe570370c2fd08254fae3b1e5997564d14b337df9d96e5ab9ccf25fbfe6d87c001e98159759f8b324a79344d9c50892fa4224e2437f2b2dce14bc4b0497fbad3e63507a8e5d1c801f8b851f5c05a786231889234d036d24590fb69e87e1897142b128584b457e966bfc3cf0264497cf4545ff00fa1d6c8e0f493908c0f9d99eff001184fdf25cd2128d96d33c47631d5552936f2b1461f5c37256e96e5d5c65914db5eabd8e16228a67e65398e4d43b920fb6284ecabf117d986479f46e64e1bcbe9a72369a8ab4c0e0f9f863b1f88c633c57f6259de4d13d4e5acf59103a9a0d46470074dc28d5efa71f4dd24ce8c1650d1b0d886f3f7ef8207c62cc2e3b5ffbd8e30e29f60f82aae8ea20e645241c8aa0f6df6efbf5f8e06baa4b3cd2242eda4940ce4837f5be3edde2de07c9389617198d1a34c7713280b2a9ec6fdedeb8c038b7ec6730ca6ae4a8a7ab827a06fcd3ba3783b5a4b6e07f9b71eb8e32e26b687664fa239a508ad1c8750f1122e3fbb75c26a67512a8f1781ce9526c0122e7eb8b849c27554a9224b373e32be19ef641df63617ebebd710331e0dcd1e0596683f01c162d1b85d4b716f21bdb1c155ecdf8e48ac565f9aa4b121d85cb1f09dbf31c394a174c684f8da5bae91fcadf4c4f6caeaa8830915a265bb223066b8b6c48f2df116289c4c487d5a773a0788b79df1755431d0c5692f29489ee64214215f2ed8239a19d63a79053b472b28d722e9b5db7f0a00058ed6d8e233432347cca8a4f1a8568daec3dc11e97c2e4d7553c2c555650cac3f15977b8dec361d36f7c61ae8c62c854cd3c5044c1bef4c756a4dc1fcdf96fb5f6c4c95feefc86e75e40a10c3bb2c6b6fcb624e1223a9478472d6dcbb8f158b1b9b004f4b75c22a4688c205901662acfab558917b9fdb0ed9684e5ec2aab184ce082fa480a09b9bf41dfdce093288f2e554a9599cb0492995d94a9506c1c116276db6b0b75c41cbdbeeaf130255ae00bc63c763bdbcb7b6266655d24b0b8aa51a8972af12a8282c6e36f723e38ccbf968c912a6ae32b096612450cacc14ea2a01b5c120efec3cba0c385e352b56f253b4a55b49075763d577d37e988d96d439a846586575285cdbaaa85fe9f1c393e985e57d6893ea0ce55458dc1d98f5b007b62b54e88346a5e374855cea88d8d8161a8ee48bf7fdfced849d0ccad269908bea0eb62d71b83b7b74df1116479248d18c529f340c075b9d8fa624d33e87b860543efa76dfa0b0c69c691592eaa792a69e29dd4b5554ca79ccf62aca06c41ee7af5f6c47020a77e62bceaf20d0595b5ee3bd87623135529a5863d682158e37666d7f9c8bd8fa13f2db10b5f29c9596c8d178758035107b5bbfbfae39adf4042d43d5441846fa540d2c0db49bf707b1fe587e4a6a78a330c88007beb71a8a94db727a0b1eddb1d0446af52ab209241a9c5ba5b706c7caff0be1a4bb3d33bc8c03905ccad6d218f43f1ef8d7bd6821c8a686662b9624a42011b14906851d0920ef7db63f2c3ed2861196d72c6ac06848fadfbb6a363f136c35591ad3466281da382036d70807983558f4dfafc3ae393d5256d7a2b218cc680078d0466ff0001d01b5c77c314f63d8e420249cd89b56a4d1a5886e84741d00def61fcf11a2ae68dea26fbc32b2b68e594604af637d88dfa6d8e895c24c4ac33369de34ed7ea7caf7bedd7ae23bd5334b1cd3c6230ac09411822de43cff7c6942fb1dec90f98cd23b5a350012a2eecbb7b6f6c7b029eaa99647e72d4a3124db4db6f638f63a78a3f0d68fb88accc5b599516d6ea4023d2db621948c5821287beac15d246e09bf41dedfcf0ab395b300e479ffae3747a2c16b0bb35d0aefd08c263283315a592470aaa1e664fcc886e0581bee483d7b03e9824f1a9055a1700ff0000eff0c6719df1b52655c5d9c51d53a0a50c8227440cc59502ba923c883b11b6f8b18db24a54837c40337a895d32ecb68c44a4e89e7ae79a53becc109541b76d26d80399af1a56b135cd9ccc840f04738e59ff00a2323e56c1da0cf69eb28e2a98642d4f28ba3db6f6f43e9898f28601a32b63bf4c75c4e5652326c972da1cce29f89726aaa8a7df524b1bc617e605cdfccdb1add1535257e58a386aa3ee34847fc18a1118f8e9fe78ac2554ca6c9248a3c958afed8e8a99f9a5d64fc45e8e4027e645f04a8065f24aaa404884487bb26e4fcf7c0ea97961eaacb2037008b588df0a4e23ac8402e22900e86c50fd0e1e1c6104a745653dc77e8e3f91c68803cef2eaea3cf334ce32585ebb2aae905532c235bd3bb200e1906e3752d7b5bc4701c67df79b8499afd0abb118bdd23e55994ea685cc3537f0989ca907d3a1070d66d93fdecb1ac828f303fc5531da4fff00c8b67fae065c53338ce73372625914a0373622f7e9df1172aaa59338a5d5728a9335b6eba2dffbb169ace16a56244295b46de4a56a13e474b0f99f8e03d370fd54598c73d34f49550ac72c64eae53ea3a6c34bdafd0f427a601aa4114aae5a10ada4160760311a79c34eee5ee6fb16bfed86aaa92b29416a9a2a848eff009b96593daeb71f5c0c6ab8dddb94cb7bf4bf4f86072e820d56a3511229f6b6dfbe18fbdca351b4653a8f1d8fed886f5aca2df8771fe5b93eb7c30f517fcfa181f5dbea3140424a99185d6daadf9546afdb1d7ae2834a282c4ee1986d81827537b469bf9203893048924b1c616476276455376f4b0c5019a4ced562868f3059a7a4463ca9625025a427a98c9eaa7ba1f09b76383cb3d465d344eb2a309539914d09fc3a8407f32dfa5ba153ba9d8ed626b32e5d3bc839c9153923f2cb2a25fcbdbe36c3f97570cbd5e83308e57cbe470d2c608e653c96b09a2bf461dc7461b1b8c0d275a6681419f8957f0c0b037652ba483e7e583d0545355a820d98f6616c6515d14d4f32859d751512c3530121258cf475ff0029e854eea763d892394f12afde23a7ad9628a51601af6dfa0bfa7ae251a7a34b3d74875ffabbe3817947f2f2c9edd41c5760cd903f2a594a9ea2fbab7b118262abc02c5590fe96e87e38840cacbad4090036e84ff5c4a8640a00bdd0f4c57124d57e4128fde363d7d8e382aa6121f1393de26eff00d70165b363ea3ea30d4d086171f3c0acaebcca1b406201b18d8ee3d45ff6382f1cc08b8dd4e297b2939c70dac2ed3e597885cb3d286d3149edb1d0dedb1ee3be2bd3651439ac0008626e53dde09e20c57b5980ec7cc5c7ae3579625906d8a8f1170f4dcefbfe5574ab5dd917f5fb76bfa1d8fbe397246d5a474849ad1559b86e3289c8a5a40ca576b6c07700fb622d6f0ac7529a64a5a196c090b24202dfb6eb63e7f2c1fc973d8730ac6cbead569f35504885b61328fd497dfdd7a8f518306303a8df1c5453d9d93b32fabe04a074d6d4288e2ebf84188b1ea40bede5f0c0faefb37c9150491475e84aea2f1396b91fb63602b73bdfe0309e4f95be2313040c26a7ecd29428e456d417d8d9d53c20f46b96bdbe18173fd99e6929322353970c0a9796e45bcf6f2f7c7d0b25246e06a8e36237dc618ff0c82e4f216e4defdc9f5c4f19291f3555f00663053ad41a9a160585824859afd7cbe9881364f99515246b5342f1a2dd94988856d5e4483dbf963e9a9b87e8244451491c68bb011a01b795c6e3e181f98707e5f588aa79d130dc3ac8d71e5b1363f5c625c6d99704cf98d729cc904fcb8aa51ca0d01cdd954f5f0dae3e5889265d98ea60f4d37ddc80a6f1b79f526d8fa865e11596368deb24946da19c286536ea6c37eff0c330f0cd6c4f13fdf2190462ca821e58b1ec483bfb5b17169f44f123e5e8f28cc2599961a4988e8142588f423f9e23cf9466f0c81feef7d3b59e3252de76feb8fab64caaad159beeeb35dc5d05ae57fbdf03ebb84a92ae490d4d0ab369b92ba97e17046f8d5b0b891f348a2a84c9260d1959227d21011720f8b6f4ebf5c3944f3d40896784c40ea2449b5cdb6207bf9637aace03ca8c2fc8a79e04bf899a66205bbd9ae4fcf022af8272c09a21aa8f583672aaa483d00d37db1cdc74ec7897d313e748b54f1c8977637594302ea0fd3e7e7868540965d3334ac8ede0e68d0a40f5bf5df6c6c557f663cc8a469aa625209b3229074f6bf97b620cff00668ff7353122d6a0372c25008b79061ea71aa5f078b7d99bd3662d40b372a9551552cc116c58defd01b0dedf5384c5136b2681d790ca4da46d3a588bb6f7d863409fece6be997fdd299f46b2c516359186c3a78ba602d5f05d565e882aa96ae9e2462412800627d6e7dfe789d6d93c4c014197ca286696be4a721d8346ca4002c478b6b1bf90fdb106aa9676a27fbbcc2a1b578884656503707b8bd87d7162abca1a186149046d1f400eab01b5ef7007b1be3b0e475d292d4f5b97b00c18c3cd2964ecb722c4f9def845becae0e8a608ea69c08bee723e91f9a36b83ebbe3d8bdae455ea2d2d3c696fcaa240f65edb8eb8f637e47ed19c59f578763b293e97df0a12f51b7c31c2c6e6e07b91fd31e0763b01ec6d8ea752bdf681c51fec9f085766e916ba84d30538d3ff008ae6cac7d06edf0b63e58fbdc2cee65e6b173af9cc6ec49dc96f3bf9f9df1f4d7dac65a999fd9c6734c01bc623a9516ee92027e84e3e68a9cb8c51144525e32481fc43cb1b8f462417c9332ad879ab06715f44c45e15848d2edd8b03b58f4e98d33ecf38827ccb2b715d373aae073cc1a554e83d0803d6e0e31dcb0931598da546b1423a83d312f2dceeb723ade7e5cda675ba9bd8a11dc30ee3d31b307d205901470410d86279963522e0dfa9fe58f9d2afed16bcb5a7cf6a411da190a28f820b62565ff68b99748f335ab03a475075ff0020df5c01b654d4eabd8fc4e0749502f6b963ea7146a5fb4082a611cda3962a9b6e9cd054fb377f95f0c54716cd203ca8e18c7c58e290d0e17d677163d7d707f2dae9e203f15cdbccdf6c60127106714efae833aab808fd2c44887e0c0e09e5bf6939d52d96b529aa54756108ff00da41fa1c1846f6f5e6a1f93a9c0b5e5706c403d141f33e7d87b8c3cef4ec814a285000000d80f218c7287ed2a295228ea616835cb7a89a9995a5553d4a472002fd00bdc01d8db0f677c6d5116694abc339a525450940268f3d8793501f51be931284d36b58dcef7c429ab08a9d5f54551240de6971fb61aaca18eb05aa25a0ad1e55312b1f9b0bfd7157a0e228e5148955559349254786f415bcc11bd89d2c1d548b8077048bed836253a4305620f71b8c5e80c4bc2f44e081962203de92a193e9723e8303aa385614ff00873e630fa4c8b2affed3fbe0b09c03b29bfa6d890998cc82c934aa3cae717266715f0a9499054ab5a1aba3900e8250f0903e4cbf5c399466f0d2e52a32be53cec3f15e36b96f4bf5b0f2c5affc5250c0bf2e4b7f1c60ff002c506bf80b2ea8ac96aa8334cc72e323b388e154644b9be91701b4f90b9c2caa29743598d756d58fc56001e800fe784e5b3871f769cb0d23f088623fe9f6f4feb8893fd9c66b230fbaf1bd5a83d165a622df10dfcb198e7f99d6e4b58638789eab31092946e4eb89858ee7c496b6dd41c6f24d51968d432ee2ea7a5ce2ab2eaa965393892c1d5398f49285b34b1adfc4a7a3c7fa97716602e4f3885d2a53532abc655d2481c3ab291a9591ba32303756ee0f63718cca8389b2cce6aed4bc1863989d47fc39a516171763636b8fe223df1b354f0e7f86e4061a55a99a2a476950cae24d109379101551e1bde403a0606d60c6f168d56a86b85738a7925687efa56406c69a68f4dfd55aff004c68141511d82c4e413ff872746f6ff4c6539a703d455ca1a9f34a3a69d4fe7944815bc8eca7e78279170ff155254454c78938665475775596b1dae174df668c107c43a1c1a4f699cf169e8d47542e74aea8e5fe02771ec70a8ea15db94ea6423c85c8c540f0efda757c5cba2ade16800042ce2a9e52076b058ba8f7c55389fec77ed3f3ccc649f32e2fa068000ab1c334e8180f34d875bf5638cd17166c22b285e7456aa852a4595409543dfc8efbe260cea8e00ed515b4aa13fe233ce8ba3dee76c62d937d89e634d2450e73533cd4fa80e6d1e6220d0a48d5789505fe0d7f7c6d7164192c12eba6c9f240e0690453a86b0f520f90c0aa2453c73926bd197cf519ac9d932da67a9bff00d4a0afd715fceb8db8be3e61a1e0d8a9a9c0e64735756ab315f278d6da1bb91a8e2f92493e8d3c9934f4022905be5888d3e83e25a84ff98606a8c7f37e23a6e2968ce7197471d54475c2d40d28923703aea0adbfa8edb60965d266347f75fbfd4716958d349922ad8dd251d4129245606c40fcd7db1a24428619de581618a693f3ba44159bdcdb0ef3e1ff00cf517f3005f185057765b653b2fcf21a91feed9fce141b15cc32a573b7f9a123f9e0e53495d2a8314b92d67a4552f037fdae0fef820f4b4d33166a7a7909ea796a49f88c459f2aa194ef4e14f9a12305c65cd9e77ab845ea328af507f541a275ff00d26ff4c476cd32f460b3549a66fe1aa89e13ff00a801f5c2d32c101bd2d6d5d3ff00cafb6242c99b46a556be2a843d5278fafc460f8cab90ec2f1d42eaa79229d4f78a40ff00b614c05c03d7aef8afd7cf40b52e332c9a2d63632c24afc8900fd70d4335138272bce730a4b6dcb9e43247f0d41c7d4638b924eacda6fe163d20ee547c4639cb5bec06de581424ce6242f1b5057a0ea557493ea0c648f9ae3c73f111b5665f591586f244a2751f2b37fe9c3aeca9d8539608b6e70931ec7ae1acbb33a1cd3c397d653d4bf78d5f4c83fe86b37d312c961a814371b117b7ef8a08cd175daf865a962b967893737d80b93f2c4f216db5edeb8f102e7718004cb9652492731e14d66d736b1dba74c225cae277570f20d26fb39b1f7182e10106c309e5adb607128b607395a6a2559949bdc823cbd462156e48d501d4d6ceab22e82a51196dea08dee2e3165e5afcbb8c24c7e4d8502b54993c94548904223e5c7e14882f8401d07ff38666c92395889e8a86641f955e15d8f7ea316be5926c48230964def618988b2853f0c65524859f875e46f38e15b7d1c0c7b17be4ff0097e98f6180b3c8cd7fce848ec41071d2ec05ca871e96c2c2def6942dfa6ac7394e05c2c648eea71a200b8e6be1a2e0fce26952c5a99a28d5976677f0a8f99fa63e72942d60447411cc5749eeae0791f3f438fa378e6961a9e0ecda1ab43ca10f36c45c5d58107e18c265c8f5a834920322b10d039b30b1db4b1ebfbe2e4a3d8c1c9d22946392172855999761d6e3f9e2ab9fd5c93d57dca9b515074b006fa9bcafe431a47130fba511aa0a565e4331b8b1b8feef8ce387e86a2aa78c5342f355d54bf778117abb9201b7c48df1d23bd9ca4bd1da4cbe8a9155ab5ccb2df644b581f2df13663973205d351148370180e9e78d51e861e08a5ada0ca2944bc490507df9f319a20cb2d9d55e386f701002771bec6fbf4ee7b98665347319b939be5f9a5751c7975357a73544732eb6b37e616d68b75208b1b62e4fb2519510401e2d49fa641fcfc8e14f532a81723e582dc459650d1d5d549914ef51950a87a668e537969a404d91fcc3004a3f7b11d54e04a46668d9402fa46e6df5c5bada250cb554a7cb0a8ea266fc86f6f4c4568e41b5b0e40ac0ef603c88be2e42824998ce630b224728f29141c29eb62911567a5255770158903d81bdb0cd1d299d99542ec3512c7125f2c97f4846ff0095b18ccb4216b61d6ac9232e904012c2ae37ebb8b1c4fa4ce27a66d54d50a8d7bfe0cef11f974c0a3452a9ff0085229f6c24c2e83c4bb1dbc4b85a1b2eb4bc739c402d25655328ff00cd45987cfafd70628fed225365a84a19be2d0b7d6e3197b290d745d3ff0029c21a59fa10587f9ac70d7d166dd4bc7b432006a28eaa2f58caca3e847ed82d47c57924f6d15f1c4c7b4c1a3fdc5b1f3c09c237fc2d07cd2ebfb624c399c89b2d4cebe8d671f5c5a62d1f48ad44752baa96a1251e71b861f4c645997d9a6632d4168e5a69013d4b9527e631548f349036a0d4eede7a4c6df3183345c5f99530012a6b55476128957e4d86c68d2b807869786a066b8fbe482cee9fa47f083fb9c5ea0ac75b124e9ef7ee3b838c5e8bed16a50813b53483ca584c67e636c58287ed0a9a4039b4adbf7a7995c7c8db0b1468d9466f531e570c2f3731602f0012a87d91d94751e4061d9aae92aa4a67a8a4a6d704bcd578818cf42a54d8dacc09076f2f2c5172be2ecadd6a15ea6482f532b8e744c0589bf51718394b98d2560ff76a9a59ff00fea914fd3ae282cc8f953b5d63a9a76f38660dfb807eb8234d593436fb9f10d5463b2ccad6ff00dc315075d06e469f7db1e121ecc7f7c01a0d3e799faffc3accbabc795d351f8784e249e29af847ff0050c8aebfc519603ea08fae337e6b9d8d8fa1c3d057d4407f0a59a23fe4723f6380344878bf2690da6a7aca66f40180f91fe5821167394540d30672223d849743f518ced339ac7b2cb224ff00e59e257bfc48be1273081ffe3e5901f586468cfcb71803525a61548397252d50f304313f2c469b270376a52a7ce37b63340f9537891eae91fcca071f3520fd30468ebb308cdb2bcfc4b6e91fde2c7fed7c505bdf28503c2f3c47b5d357ed88ef0665093c9ab8e41e4db1ff00d43014f16711d07ff7714332f9cb0e9bfc56d89117da4449619865922ff9a17d43e46d8510211e6b99539ff79a38e651d6cbfcd4ff002c3d171365e5b4d4c0f4edd0f88103e06c71ca3e35e1dae217ef51c2c7b542e8fa9dbeb82ad1e5b590125209a23dd7c6bf4b8c01da6aacbeb05a0aa8598fe86001f91b6135791d1cdff1a96024f7d254fcc604d47076495019a08de99dbf553ca53e9d3e988f1f0ee7996d8e4bc465901ff815d1ea423cae3f7b60d27a63a24cbc2b4bab5406789bb1493fae1b9327cc225b2d609907e9a9843fd41be2652e639c539d39c64e081d67a0984887fe936230568f31a5ab2453cc0c8bd6361a5c7fd277c6171c574abfe35fe8d64ca3e6594a4e34d7e5b2483ff369d39cabf03e207d8e1b7a3ceb2da659f2aacfbf521b0582ab5303fe504fe229f9fb62ff00511c7346413246c46d24642b0f51b11f30714dceb85331a8f1479cbd728dc475d70c0fa69f0fd06397271fb8adff00d1a8cbe90f27e2ecb6beabee5541b2dccb569fbb4ee2cc7fc92743ec6c7d3161652095bd88edeb8cd788f289cb27f8dd1890af84492f8d587f0971f4bf4c3996e715d91aa2c4b2e61958eb4acdaa7807ff00a9c9f10ff237c08c72f253a968e891a2dd86e40b74bdb1c62b7dede7617188595e654b9ad12d5e5b5227818952d62ac8c3aa32917561dc1c4dd677dbdb7c7402ae41362e2fb74bdfdb1e2749ea6d7b1045b093201d54dbced8f2ca7b8606f6db0250b046d6d17f7b5b09dfb823e37c7038236b5ede58f5945ac2c6db6f6c5077501d01f8818f614bb8dd9be02f8f600639a08079baf6dc6a040fa63cba6c7501b774362711005360e4e8dc597c4befe7871480459eecc2c011a7e18965a3d9ad3257e595b4264702ae17840207565207d6d8c0559c471a572f267b08cbbfe5661b598f63b5bdf1bb999d0b95d52922fa2d7dba6c315ce24c829f34592aad1d3553fe72c87972edfad7cffcc37f3be09fd0e3f0c2fed1a39070f54922c44241b76f18c27ec7a9163cea9ab9a3e67f85655357aad89bcaeda57a6fd09c18e3ac8a5cbf29cc20963786396092caed745205eeac762bd3dbc86217d8eba4b355a895919f278ca320624147b1fcbbed7ed7e9d31d63fc4e4fb2665f9a4594cf0e615e2a2bf832bda6569da32f5194cd22e9943586fd46a1d186971b8b62d54b901a58b85e8f309a268327cc98c1531c80ad4c050cb1b27932ec083b8b0c01cba7e358a59338a0e3dc9a6c864731935b2c93449a5412844a80ad8106d71d70569ea19389eb9238694d0555fef41d5162fbf05778a5437d40b49a4a20275296d571a3061147a7920cc8d7e5d97c71e5fc24a4d2cb555075495358fbc4c580bbca1f4b587851755ec0ef4ca63353e6215c72e42a4ba5fa11f987c0838bc7da6e7142b550e55c45c275d4d47420fddab32eaa1006d5672fa1a364249dec08dfb9b629d9e08c71b56bc3cc114b55cc50d6d40390dbdb6befbe3488395b466594c9128371b81fbe07988c6f67520f9118b0346e032e91e062bb921858e18aa157a2d0a0bf99b311ed8c146a08f910c6c7663b91e8713556fefe988b4d48b2922af329d5edb285b027cb7c3e6999115a9eba46b8b90f1022f8b8b26439661d18e3a013b1d3f1c4756aa53bc51c83fc8c57e870e7dfa24da78e484f9b2ed88d32da16d0239f1431b7b0dfe9864d0d3753138f66389314b14a2f1c88de8a70b06dfa88f8e214192e5b130bc6eca7fcc31164cae437b2ab7b5b07f41f43f0c73963f87e38128ab3e5ae3ff0987b0c477a5910f571ee31712bb7718625811fa853ea45b1726312a37997a1be14aedfae207d6d8b14b411b0fcb6f506f88af9710de1616bf7db1acd99c4191d68881225921dfb48401f3c4b5af91acdcf57ef778c1fa8c4ec8c9cbab22aa921925511b28e515d4350b5ec4107d8dbdc60a3c9c37553ac8f0a44ecc8265aaa32a348d9b96603e173b9b9bdcdae70c97b14c8343c459c52802933168d7b289580f91b8c1da5e37e224b09572eab5fff0062953f35b7ed8a3490a091feeecfcbd47407fcda6fb5fd6d6c7a299d1ba90462aa23b369e1be2a9b32a88e9ea72d10c8d7de2a8e626c3c9803fbe2e115a455247be3e7ba3ce24a620aa348c371636fae0abf1cf11ac368eb452c605b5471a86f8b35c9c506fd140a545c13eb86aa62d1b93bdf1f3b9e38ce755df89ab757a5611fb6d82343c7b9ff0044ce9aa877598a4d7f9ef8036699ec6df3c43999186e01c5132fe3e2e4266b47a6fd65a6edea50ff00238b45255c35f4fcfa29d278bb943ba9f223a83ef8da4408c399d6519ff73aa9615fe156f09ffa4ed871b8954ed9951c1500f5787f09c7cb63816f0332dd895bf9e06cd253994a7de60d7d02991437c89be354859684ff000bcc8e9cbeb56398ff00e0d5ae93f061fd0e2054455d9454031355514bd4342e406f5057ae00494f201768dc83bded89d439e55d0c3253c91c559472104c53837523bab0dd4e2d12c3b4bc7b9dd1b059e78eb54769c157ff00b858fef8b165bf6994ae02d5475346fe65f989f3b5fe98cc6aeaa091d8c3cce5b9d925372be97ef86165b90080c076eff0c5c1325b37aa4e2d59d0494ee9511ff144eaff003b6f89b171152d4b0e71d0ca76665fcbfcc6301883336ba7731cdea7431f63d0e08c1c475d4eeb1552f3c0b0f18b37cf19c0b91f41c5551cc9a832c80efa95af85b3102e8cc4791eb8c8726e2a81c05494a497fcadf9bfd7169a2e29e7dd2893ef846c6447d3121f26722d7f4504fa0c61a68d2765b2ae18332a5929aa0c9a6416251d91be637c51b3dc922a70ef92f326310fc4810eb416ee24e81bd37f6183976ad5ff00ea137381eb0c439712fb8bddfdd8dbd061da8cc29f2ba51356cd05352a0d8b90800f41fd31ce518cd548d26d74667435798d0e65166f973c125569d33d300512ae3fe1637dd87e96b6c7b5af8d3b22cda8b3ecb12bb2f76688928e9201cc8641f9a371d987fa8d8e30de32fb41e1aa7acaa9b85229aa9c92f212745307ea594fe6dfb85d8f98c697f632d5d57f67797e659a9592af30925ab3a62540a85caa0005b6b2dfb9dfae38283869f4754ed976e59452755f7ec6d8e1d80defbf5c2c6ab7407cac71c24772413e98a51208b11d6c7a1db1c237b851e77b617604df63bf63d3e07096551d0017ea4ae00e68bef7b7a7f631ec282ede126dff003e3d801d294efbeb84123f5ae83844949756d264d37ede207e7822d1c725c322b81b6c01fdbfa6232d2a5af03e9fff00adedf0b0fe98db461304cb456b1223befa5ad63f0fe98853c72c4b764661b80ba7cf7363be0ecbf794b90f0cc6d6d32a904fadc606d6280844b4d244963ab96ecc09dbfbe98c389b522bb5f3c4e8c9514d14e84d9d1d763d883716fece32dcc2b21e1dfb5aca33278e1a7a0ae8c53ccb18d31c7a868bec00003046b81dc9c6b198d3b4b4aeb1542ca3f489d749dfb5c8c667c7fc39519a6572a1a71ae31a9343eb076b5b73b023cbbdb12171958954903f3de11a6ff6f2960e34cc20932ecbd657a6c9a914aabc512990ec09e5c677bb31d4cdef7169e1ce329f37a1e1badcfd21306799e3a51d2202b4f97d253c6f1a04516dcbdb7370748db616ad70ce6541c6b91ff82d7bd1e5bc691533d04198d4b7292b216b5d5cff00e6f842efd6e7d46175fc37c49470a5051e499a490e4b57974b95934ee566118d336836b1d4c039b75bdf1e93883eaeb38ba648f862833baca2e20a0b2d2ac7359331a4241bdfa33a03aae3f3c7bf5537ceb369c669c6759551de68e7ac6656b03a94bd83796e2c7e38bc716ba708d2d5d0661253556690cf326508adaa5cb699cb5cbb0dae413a10ee8599b6d86297c1b4667cc4cf61cb801ba836058f45f6c4e8051d02d75446b6521ae00000b5add3e187046a0ddb716ed8119be6021ad96aa3b146d2b7400f82e6db7a9b9f6b79e394d9b5354901730a589cfe99a3643f3bdb19ab2d868244fb7848f2c46e4471ca514800f896c6dee3e1fb62256e579855859696aa2b01d62bd8fc89c0d9173da5167bce80deda837efbe2a8b2587da36fd1211ef63fd30db0a800f851c7a1b7ef80499fcf0b69a98541f270633f3dc7d0627459dd34ab791678bfcc175aff00dcb87ec8699e9e3898de5a7287f880b7d46388d220fc1a97b7f0bf88627d355d3d47ff006f3c529f25717f975c3af0c2c7f12117f6dfe9865f50af8415ae9d3fe242920f346b1f91c3f16674ecd690bc4de4e2d84bd1c24f824910f91dff007c34f97cd6bab4720f2bdbfd30a8b1b4135915d6f1b861e60838f166bf63802f4cd135da278cf9aedfb61c8eaaa23fc92871e4e3f9e261f06418363d50fbdb092a083a186c0ed884999b0b73a261ea9be1e35b0cb0c9a1d4b682403b1bd8e334d16ecec6bf831edfa17a7b0c71e35716750defd712469b002ea6ddf087537ec0fef8140f514fcb24f6ed88eb0eb61e1b9e9ef834f1071a586dfb60371566068a9052d390934cbe22bb154e9f5e9f3c556460accb3614ec62a4d2d20d9a4ea14fa79fbf4c45a6cb6a6bf4d4575418627174796ecce3fcabe5ebb0c732aa38f95f7aa95d40dc4319e8c47563e6a3cbb9f40716fe19e1ccdb89e49e4a531c145111f79aeaa7d11467fccdd59adfa4741e437c74d44cf60c395e414b1811fde6b66ee653cb4e9e437ebf4c2d69729906f971517eb1480903e23ae2f54bc21c290712d370fd7e699bd5e6d2d5251b086148234918d80bb6a27cfaee3b60750e45c259d51e6551976679ae59fe1e23694d5c71d420d720453e0d2c3722e77dbb626428af53d16abae5b56ee47ff8f50376ff0097b9f604fb626e5d5f5343581a98bd256a920817dfd0f661e870d67b90e67902455153caabcb256d30e61492732163e57d8ab7f95803e57c394b510e611474b5aca86df85525ac108e8080373daf8a0d0325cfff00c5c185ca4354ab7745372e3b9427b79f523122ae8cc759066796d352cb5b03066a6ac8c4905628fd1203dfc9ba8fdb3a8d6a296b796fae2ac84ea46034936ee01efe63178caf3c4aca60cecb1cebb3a93617f31e98aa57a646a8b1e492f0ee714ef32651490b23e899151e966a790fe89392c82fe4d6d2c3c8dc60fe59c1d92e6d2d442b9866b97c88aac879eb5519bdef71226adac3606fbf5c66ed52b266895f4152d4198460c42a82868e65ef1c8a7f3afb8c5bf2be31a8cb6412d6f09c52ca11939f95563a23022c6f135edd8ec05bb63c8f8bf223cca7c73b87b4ff00f1f67ad72f04b89c670a9fa6bff57440e38e1a6e1ba5ac90e630d7c70c94f186344e81cca1cdbc24dc8097db6dfd314fcaf39aea9cc62cbe8db2ea8a8736589d9b501df731f403cf7c4fe30ce63ce4d41abaacc6213cc26682a91974b050a2ce00bd80b0b81d4f9e3d94f11d0659928a3a39de2ab9db97535af50b23a43fc31836dedd4938f5a9b5d9e5c57a1f7cc1d173092d96cd4543ff00dc55c64f2d5bf841205cfb77c3ff00e26b3e5543535795c914552b7a7bf864d3fc5a7f87df0e54e75c375d2454d5074f0fe5604b4b978d25b309bb34ac0d80bef6c0cacab7e25afaaa89ab14820099e9d800a3b451f9281b5c7ef8aa4df41c52ec8715550e632cab1cb28a68e431b2ac2cc5d8750ccb70a3d06e7bdba62d593e6d514ac151c68d3b053a6c07a74fa602d353c54f1241490ac50a6ca8a3fbb9f5c02e2fcd7ee1135244c04e632f291fa16dd3dcfed8e8f4b6735b7a2c3c47f6cf251abd370fc11c950a4ab564bba291fc2bdff6c03cf6862aee01878ab8a3882b735cd2a1cc69968942c492b1ba03deca9e336f45dac719a65b455798111d0d34950475283c23dd8ec317bc9f2f39650522667551d54f4ad2352d3236a8e9cb9bb313ddbe831c9a36994f9d0c74222915ecc40636f8e3ec8fb2999aa3ecc785f9d118258a89612845ac109553f11637ef7c7cf1c2f94bf13f100a68a347a2a08dab6ade46d11e95ec4f6b9207aef8fa2f81aa61392c14acf1255b6b9d6958d9d63b803c3e436e9d2f6c73e47ea8dc0b336ed720fc309236feb8f0700005082076c2c15d2362ff001b1c733a0de852c3d3b8df1cd3f9402011871e33bd8102fdf6c241d246a6b5b6b9c280d14b5af2203eab7c7b0e140d63aa33ee463d850b10bcf0a4c5309977d88f4f318712b589d3345a80defb37fafd710f5c4412414bedad763e787564609b30602d60e3ff0076292898b3c32ec24d07b82d71f238f3c64ee349f636c447746bf32375dc6ea2e3fae108ac896a69cef7240dc7cbb62d92854f471caa04abb5bf50e9f2c06aee1c8a58d82bb28237b6fb7c70612ae58dbc6124523aee0ff7f0c2cca92b8e628523cee3e3718698da30afb42fb2faccc2692bf264824a93ff00123d4144a7cf7d81e9ef8ce336abe3dc8697ee55d371350d20db96d2cdca3db6b12b8fafc530b6a560e074b807eb8e988842195957bd8ea16c55688f67c294d4a2a64d7515290adee5e4b9637ea428dc9f7c1d9b335868968b27a3a86840219dc05d7e64e3eb6adc872bac63cda3a573602fa00380b59c0f94b83caa6488dfb2eded8b7f4947c89594b98d635e60556f7d2bb6feb886f9548090c3a76231f5754fd9dd0b06d312037e8361efd715fcc3ece6220e94d3b6daba03e57b6190c4f9bd28ea695f54123c4fe71b91fb1c4f833fcde9c5a4a813a03d2740d7f8ec71ace67f66f2a862b1ded7e809bfc715acc3806aa3660ab7237df6ff005c5c8989574e268251a6bf2cb79b40f7fa37f5c780e1ead6bc75029a43ff0098a623f31b624d4f0c5446cc5a3375ea6d8135393cd11219483e446d8b62993e5e1d9254d74d509529d8b05947cc6f88fc9cd68764e7003b452ea1ff006bdf033ee52c0daa2d51b75050953f4c4c8b37cda9f6fbc19547e99d03edee77c5b212173ca989ad52b1b1ff00f62188fcc5c608419dc1227e243320fe2401d7e6b882bc44ac34d6e5e8c3bb42f6fa1c28b64154de2d74929fe3429f55db1290b61aa5ada5a83feef531b9f2d7bfc8e1e9a247bf323463eab63f31806d918a95d5475d1d4af60fa65ff5c476a0cd68f6459028ed0cbb7fdad898fc2d8664a58bf49643e57b8fae23cd4775df4b8240dc58ee6d816335aaa73a6a028f49a368cfcc5c6265366b1c9cb12c6c835025c32b21b7a8386d0d32684921fc8ceabfc2e352fcf12a9ea12a0693b38f23fb61114f0c9628ea7cadb1c3e00241d20b763df196542945c800eaf2236c5073d77cc33e9950dcb4a218efe4361fd71a025d9d4aeda7e78cf72c20e68b23a6bf048f6f52a6c7e0483f0c6a1f4922cdc2590cdc51c4b4194523b4713fe69556fc98105d9ade76bdbcd986344cf6b72fe23a6aee0fc8234a58b2f05f2a816f7aa6894b4f1b8fd4596cc09dd994f9e237d8ed13c5c39c619a40f4f15588a2a0a79aa251122335dee5cecb73a2c4d85c0dc623c9c579ae4dc5141071ef0e354cb44f0c90d6bb182be37403f139cb612a9209f15c106c1b0eca97a410fb3388f19671c3b5d53346388786eaa36abd66c6b28d6fca986dbba1b464775d07023833299733e15e2ea2cae98d4668d49028a78adaded54ac36f6efe58b7525064f519f0e3ee03cee9a3a6a4e64d99d1488c1e28482655e5addb7dca8b5af6b1206d272fa78f26aacff3dcaa614ab9b20a18a19d0c324353e26e59ec0924106f603a9b0be237b2d142abcccf03a5170a6434d4b9a564d22c79bae9e6c75f31f0fdd517ba296b6a162cfb8e831038db8763e1dccddf2e944f94cd2b4165979bf75a8400c94ceffa992fb37ea1bf50716de03e02cf32dc9732e2614f045c46c0c197c7513a47f75d5b3cec58851205b8504ed72dd6d88dc35c1d992e5f996539c675c3cf4d9853aa535352d5f3dd2ad09685d4a295b962cac4b6e1ce2a7466acadc45f37cb1e41615b496224018971d8924ede58768648e78d2711fe6f0baded623a8f9e01f0fd498332a76752031e53a90095d5b5acdb5c1c17891a8b3da8a46234ca0ba8b83661d7a7a7ed83082b0d45e60aca105b4a2a9be81d77c485af92205209590f6beebf2c4657223d2b602f7b81be3d1c2586f71e98ce5bd1aa0cc59a4ec00609227f94e923eb6c36f992073cd89c0bfea8c30fae21451053e12c48eb63854e0109791d083b153d71a8f2b32e2877ef59448e4cd053155ebae957f90187c66393c4891c1a608d49368a12a37f3eb880cc2ed6d1e47c2311ea14c89a0155def8d7959300b7f89d0c6bcca7a8e737f0e92a47aef8ce677d199d554d7cd1b4c5db5c53aea05bb6c3b5ba7c316f8c72a254baeddfcf0df22192a849352d14cca05a4969d6463e42e7cbfa61e4bec615d00e82b6b3399d2928167ab3fc112f2e241eb6076f86094593564d5534157590d352c6e559605d6e403d585fc3ff00530b7960967b9c555070f4ed4f3b532b591162023dcfa0f4be2abf67747f7ee2fc8e964432472d4879633b87500b90477bdbbe351796911aaecd6f83f28ad9f259a0e1fa76a2c90b0a8aacce75e635495d872d76e6e9bec05a304dc963be348e16c9a872bcf4c74d0ebad485de7ab958cb34a4855b33f4b789ac1405e96f3c355d58d45139ad926b4a9ca5a7281e699548fcaa360a57beca083ed8b1e454d5a4bd7e6029e17a88d522a48775a78efaadaed766dc5f600000018e12936758aa0a86707bfcbae3b7ded76eb616b639691175145dc79f5c20c8096d4a0923b1bfc2d8c9a25472824875e9dc1eb8f304bee185f7b12311e368996cc6dea05f0e19029d01c85bf402d6c521d3021b5a4f95f1ec7559428163f1b63d8b4802155491636ee0f4fdb0e06d0a000846fb7fae1b9691799ad4b580fd329b5bcc8fe78472d8aa8526f7ec6dff00c6320991ba1bed206eb7bedf3c3a110b9b0d47a784f4f91c410420f1ab07dee40b614a0121948bdc5fdb141384a91b7e203b8ee308214d992ca0f551bdbe5fd30c334aa4eabd89b8522ffdfc30a26e40b207f306c4fc30143c0b22fe1c8a6d7ba9d8fc0ed876396fb3783dfd31192475fca0bdbaddaf6f875c3c260c406f0efba9dc03ed858a1d6114a3510ae3adc0bef845935595997d2ffd71e0159418ef7277297b83ec71e5371b85643fc437f4b62d928e08cb6ecb6f4e8461b969d5878d45bc986242f2633be98c9e9a4edfd30e5efbab2b2f974c002e7cba3941fc351a88d446f7c0eabc9127d57589ced6322dcec3160640cc0953191dfa1b7ed8e8473d595d4f4b8fe78502855bc331b1613d38500deeabfb1bff0076c56abf8269aa03b240c0ec4904635e282c3f3afb6e30d4d4893215655753e67128b67cf999f012ab1d040dba04b1c56331e08a88a42a62371e646d8fa7a6ca209631653a37b0b5c037c0caae1e592e4440dae058ef7f3c2da1499f29d5f0ccf1dcba30bed722ddfcb03aa724914d990a9e876c7d4557c3d0317d74e8a090bb2f4f87be0356f05534c84d9a3b93fa7637f3f7b62e44c4f99a6cb1a26b80758deebb11f2c390d766b48008eaa52806cb278c1f9e36bccb8159a670ba1d890a15bc24ff00aeff004c566bf82a68a32dc97b0f21b1c6b32381474e239d469ada18265ee54e83f2dc6162af876a8ffbc53c948e7f569b7d57fa609d570e3c44f86da4fe665ef81955914f1820c6403e40118b923343d1e454b54356559a239fe12c1bfa1c3829f33caf7aa88cd00eb247736f71d700e5cad831baf8bcc0b61da7aecd680814f5938b7e973a87c8df17b1d16aa495274478dc107a5cf5f8e2994a9a7328958d9344883cba1fe96c4eff0019919cb5551c61c9f1494df8658f995371f1db03eaaa61fbc2ca826d21c36ea2fd77ef825419aefd9ed3c55df657c6f964b50b4ebf7a89de7685e511c7a3762a8093f908f738914bc6bc35903d5e519b499d712c3330a85a5aba34869a97500d7875bb3a8208361616b6d883f61d99ac3c5d59924d222c39ed2b51866361cd5bb21e87a82e07a918234993e4c9c5468abb8429e6ff000e98c19955e6d9a4b39a4a58d2e26d215574150428b1dd42fea18568b61be12cd321aacbab33ff00b3de069a9aba0a85a1a99a486499563911d98aac4c759ba2a10078798a4ed7c339455e674959579567f415ff00ecf46955515197c310852988bb42d4ed1e93a88775617dcead5b61ae1ee3ee23fb48e3bcab84782a5ff67386a9984b23d0208a514f19059891b25cd942a8b5d86ad5be2d15b9d64d5b55f695c65c333355d56531f2563aaa75e4bc8c11350756d52463957556000258efab657c226537893ecfebf8f6b92af2fcd62821445bd0d512eb4f6f09b04d408ba9dfbf62700321c9729cb54cf0717e779c8cbdc37dd727a710c4a5086d3ae661b5c7f0e2c5c4bc2f3f14c39271af00f3f2ecc24a78d1e8e95f913c6f18b324436bd802348ea00201070163abcb78978b2972fce292b2973baa9792b9a65b1086a4b5fc51d5d3ecaf7dfc6ba4f9838cfaa2afa54f8e28d28b8cf3f8e20163198cac8a3f4ab1d607c03db12b881c2e6596558d1bca97d08516cc34f7f438638f6ae3aee33cfaa29f498e5cc6611efb1553a07c0e918778d0986868413774d1b6b2d6d20773ea31a20669980d4196f875d8b74d862221fc426e061c671b1bf6bdc9c723675e5288156fa9ba625d02cf29bd3a85400b199d4b016d88006edbf977c54b3ace7768295b49e8ce3a8ff5c018cd29244eab213d759c6e31665b368a1cb62cd1b970f11c7cdee8723a8217dd81b0f8e0766dc29352d5ca65ccb2d9516332ac8a797b836b18d88653eb623192c94f4334cbcb444d005d474b927f90c3af4915ca2ac62ddc818db8bfa4b5f0b0499c4a8ccb2c54f1b29208691ba836f2c4a8337a51099269511876524fc7a6070a3ae86922966a7e642c81b5aa861b8ef811c44164cbd26842a846e54ab1a85ba9e84fc411f118ce2ba2dfb3bc4bc494b9a470c14d1543686bea240bdfaf87fd70f7097112f0e67f4f9ac6a5a5a6472a8541b965b01bedf3b8f4380596e555d5e08a3a67e50dd9c0b28f763b62d19370f4104a8d21fbdd4020848bf229f563d7e1f5c6d7ebd19db363a19a7a6e1aa5cd3309ea67e2dcfa0b84a8b69a38989b15037bb8d2496dc2ec2c0efa3f046679856e4c3fc6a9668658c0093c96b4e2d6db7b9b5adaba1f9e339e1ba79f35cda4adcd67692a1fc53487f48fe116e8c7fd7b0c6a493222831318620a155755d40036d8f6e98e337e8eb05ec2fac02abb804f617c3aae876129e9b061618171cc481a34b01b6cd627e1eb87a3a8d2406d68474522c47ee318b35412671a4a9740d6d89fe470d1f0ee4837d8dc61b351cc450f723cec2df0c2959f6d2c08c520f787f824b8eba4ff00a8c7b0c73557666b9ff980fa63d858a295977139462a94d13386bdd83deddc9df06e9b3d86491a04762585d999412beb71d7a1b0c66dcc960824504cc2340090809bb3798ea77f6db092f2d1e89a35757451a4137bf9f847cbe38f991fc89afed18b66b9f7b85909500383631f96d7dc8dae40bdbd30cc279af7465b2824df63b1b79633da3cccbc2bae69a2d440283a86db73e5dfa6179766cf46cf19951d5402035cdc6e3a5f1d97e57d43234540b1b597616d561b5fd37efd31d76b905a320ff11b1b62969c4756ce75f2d584ac3c48469047bdcee3a5b6b62cf413cb5cb78de090917010310ab6f92fc7cb1db8ff002233d2349d93c117bdfcedb7e5c381a45887ea17bdaf7f8e1088c185949f51b8b9ed71e9db080ea41db607f49b5c7ed8ef607ae971e13d7f49dfe5875653b588617d9588048c47592356f1dee7a5ef878e92c34771d036d7f4c502d9ee05d590df6606e3089046add7c44eda7c271c2746faacbdc75beff4c70488762a4824ed73feb801d124816e922b29ed20b7d70ea9b786446b8e8c8db1f96f8610aefa6402dd41ff004db0b3653e136b9ea091f2c00fa2926f1386f356173853a924078fa6f75f3f7eb88daa526cc55d8ed661b9f963ab513c5f9a3d88b6e2e3e78a4a24a8bf490d8ff16f84c88e013a3e287723081325bc6194ed624ea18eaca2fe1dc036b837c05119a243e261a89dbc7dce237f8619114b050a36b0bf8bcfdb047ef0acbe350db74f2bfae3a820d7e13a180b1d24dadfb6000d2e4e50368e5916165b7ede5fcf03eab2b74b810369b1dd00d3ed6b62dda5801e12c3cd77c2352fbf6ec0e145b337aec8a19d4acd12f308ef1dac7faf4c01aee0e80ef0d9751240bf53db577f3c6c3514d0cc9f8ca2c76bb0db11a5caa360c637297fd205c0f618ce25b460b99f04960fa044c56eabdfe1bf7be00d7f05c9181aa9dd2ffc363f1b63e86aaca8a12e0006f75dff007f3fdf021b2df15ae19bf37e5b0bf737fe585b42933e70ace169541e582c45ee00e9e7b602d56433c2fa5a2e973b7963e97acc9219ce97890adfc009dc0f4380957c2d4f26b022916f6040b6e7d3a8b74c5cc607cf3224f97c904d13bc3340559245d990837461ea08fa0c6e53cedf6afc235198659f734ce6048467596a7e14b5cb1ded693f4c649245ba31dff2adc6e69c21ad1c94468d8e87ba903bf7e97eb8cdaae8f39e09ce63cc32d96584467c132806c0f547076607b822c71b8cd3d189468bd704555270c67159c3dc2abf7c80d356be6f9a32867e62c1218a246536091916d7d1dee761a4604fd92e7f9664bc13c53fe350cbfe1b5d5b4741572c6fd124497f134db7e5e9d56ef7c5872dfb43e10e21916af89f254c9b88d607a619b65d19313a3a9462f12ef7d2c76b1dedbe1d9f87382a4e1eff0008ca7ed03285a392a52aa5a8a9a40ae42a32f2d9058c87c44dcf4c6a8c95d8e195eb6afece732ba5648c5f2fa943e1fbe47e281d587e9963256fea87b1c14c8f3bcef27e0f6e23e2d786bb304d74991cb5d4dfefbceb152449b33220bb12f7e800b5f7995d9ffd9ff0f0cba55a99f8c334cba97eeb4ed0c469202a1ae8b21fd4a9d07536b03d06332e2de28cd38b339fbfe6b299ea9872e186207442a4fe445f7dc9ea4ee70af42c6f86e846619dd25331578a3f1c9acfe751d7dc9389dc7d53f78ad3a8b594845f11dd8f6dc93b6df2389b9788784f2c792b1f566754a1b96a6ecabd42dbf7bf718a5574b51985673e505749bc482e74efebdfb938976cbd22db4d98acd04725812ca09f2c26b2b69e45e5cf98c5491f7b23337ed8aa889ceef0c2dbf50b63f4231e34f035ff00005ffcadfd7152564d960868b8618055cd92ff00c4f3d8fd46173f0ee455009a6ce23d43a135319bfb62b472f8def68c8b7f9411f43864e5f0d892a08ff90e3a648c532df0f0c6588ab6cc9d88ee268fae1cff006572c63a8e64dff54d19fdc8c53972fa6def1036ff002ffae1f8e8694063f73d417b9b018b9a18b2ef4595e5943a987118a761d15640babfed6373f0c44aa8a5accd965a59da38563e5859235633772cfb79dade561df00e8e24824bc1494d1b8db57523e582b03d60b38745b7f04773f0dce3329265516896e835aa55cb3543af48878547f2f960b656a650a10a42a7608b75d5e9aad881494af34a4b29795d8127607af5faf4c5832fa2d0c9f95dd17436a171d763efb7ed8e4e5f0e8a25932692a68e154fbbcb1a0fe15d43d4dd4dfdee3173caaba39f75d0ba773a4dcdff00afc3150cba1782e5a49a0d2755d16e09b7603b7a62c54f23496e74514f6161a800c493d7cfd31ce8e858a3a8490c492358b1d848b663ec6fef8228eda1446e747f0837f9df00e99c44c23e6c89d88906b5fea08f3c4fa7d608b6a636bfe130b58f4f5c4284965b331290dd0eec18023e1b8f4c3a925cb17ba826c758b5cdf6dc620073a81905dd7ff32e9bf4ebfd8c49e5a925c022c49ea49b7bdf0212ccccdba0671e6b2023eb8f623940c7c5cdb8dbc2f8f62832131f2ebda4d32448096863bd869276f093d00b0fae250ad5a8a79a49e16d11dbf15805173704137b1e97b7f5c42aca49fef0ead493c4dd0f395c29f2b0e984451aa4bcba84795cdf971c243ea23704a9edd7b5fb79e3e460d37aa334d744894c8234081e408a2c23fd3e5b0bdbbe1c4aa0a1b9cd2a496b5b40d6c6d7efb0f7df0c4727f86d4c293f38190875558bc2db5cee3eb7efb61eab9a96af5c3510ab5ed690a8175ee46fb77df131a428596417659a3642c5979ae15bfeaf23dbbf5c3f96665528a4eb0d193a43050549ee2fd31eaba0a5279f122465800df88c2dd8585badbcf7388b0e5ed4b2989aa8bf90b75ee2d6e97dfcb1970a76999c7659a9f892a69f9a59794e81402b655507bf4b1bfae09d0717d2b4a22a98a211e926fab707a0d3616b79ed8a455d6a53aaa49a158b16d37b5edb0363e87be1d6486a58731e32485b23ec2d6faefbe36b9b922e948ad4ae8d2a8b32a7cd142d3c1a35f8482c188ebe2bf96ddc0c1080413465a15b90078a223e58cb1e2a9818486540478ae84b5fb0edb76dba6f89f92e773e5b52cae6f16a05a2617dcfcfebe58f443f2daacd0b6bb34450ab210272a6df958f41eb6c7bc4aba02eb4b5fcefe9811479e7dea157214126c4c6a3af6d2bd186f8321a07119967632b9b6990d896ebf0c7b63352568b6368ead201e100ee3c5623e1fcb0ea06d9965ebd2c437d70b314e2304a093a100b7a7cce10b13c4de2a7317a8b8dff00bdf1a28a0ee2ec5559075d206f876260ca142b25f6b136be2399010007256f63aa31d3d3126d21d04a0234dec4ee7e071487796636bae9049e84693feb8e0019ac6317ee6d6fdb1d323582e9907fcc6c0fee30db94b8bb3027a58ff4c503aa181d49baf737d5e98e1636b016d3fc230d0d66c62018f95f49c49b9362f1dc75d874fe58806a337b6964524fe5074fef8758b2c61a650d7df7001b611c842495625981d9b7bff4c763e64645c900797438a0547245a80b3c6d6bee0dbe78793c63546c8e96eab86f4093761e9a94588c36d4f08d3f88eb20fd476bf9f4c083e577f10b8ed717fae12f0a9160a06f7dbcf0cbbcf19bab891361e25245bdc7f3c2a3a95600cb1b4609bdd5b50f98c2c51165cad1c8b3484d88b5cdac7c89ef8875193b2193c11b6bb789bf35bcafe583b1ba487523ab29d8e1c0b71704dbc81b8c2916d94c6cbf4c8354643122c435efdfb6d81798f0ed1e61049cea78ea525b1fc44ebed6b018d064a75656d4809deda7c2c7f95f1165cb29c80496898f726c49ebf986338972302e20fb1bcb2a5e4932ba89b2e986936079916fd363b8b9b8d8e2915ff64bc4f01bd34b97d625810c252877ed6618faa25caa458dcade5524b101b707d08c0f6a468d497167d36b0b8dc8ed8b724318b3e4c9381788a2722af2fa9d0bd5a05120f9836c4acbb2babcb79869294c1381669e61aa4507a581165f7009f5c7d3c6995b5050af6f16e41bff0031db10a5cb1274749d15ec7a93d57a75eb866c9823e6cff67ea1a4324e2596492e4bb124b7b93853646ea05e306fb6dd4e3e80a9c828d83594a86248453d371d0606cdc370b33f29825cdac10ede7bfcb0cc60626729d0a1795e3bdb7c36d966c490c6e37b74fdb6c6cb51c2ba9c8402c6e2e3b7afc31066e17212fa09662c4065200f8fd6d829218992b65cc36d2a4817b75e98646585aebf999576005b1aad470c98423346c589b0b9b8b77c31fecf481b68f58375d476507b74df16c9466b1e56e240aa176ea4ec58fb76c38996807530bed6efdfbfef8d0c70fb0003c4093e21d801fd6e71220c84a1d25349276b9d44fc716c5143872e24e90b64277b0bea3ebe630532dcac3065bd8824690dd3e9d317483224bb5d49d80f11b002fb6d6c4d8727046c0971b5f6b7ff00188d9522b7479419c810a17600ef6d258f95fcbcbdb163a3ca5d1c28442a4756ba1f9fbe08a65ff87e00740be9564dededb7ae26c34c1b493a81040058ecdf3efe9885a21431947408155d1b4d813e3edb1389d0c3e51592e56fb358fa11fded89cb03b6b5640e545985bc875c2d6002fa510dc82c0316f4247a7a621442aaac6ade2dc0d246fdad63f2387a25d974aec45aea48bff4f6c2d628c82110016d5b7bfa74c3e53c364468d893f976277f5c00ea4b2ad91983aa8b00ebd0fb8c4a431485741960241f029361ea47717c4340de1772c05ad62be47fbf9e1e89958008e57c89b5ff00bf4c0121e1818ea9853c8e7ab3c7bfed8f61114cd620a73003605c8040f2c7b10a65398e775b33c112e4eef1aa867916762106ff0097a75bfbf4ed85d35752cd48f2b5298c2784c9cd7d40dc925ac496b11d46de9815056196915e2e4ac48fd6f72c48d88fa61550ece2713fe06922fe445badff00ae3e5676ce7761ca2ad49e29236494c0485dc0d2c035c11b5cdae7b74df7c48ad869aa9a309490a3c0835aea02597513d58f7074f846e076c576166652aaafa9ce925ef63b75bee2dbdf63dad872092a2ab931433931bd858122ee36d4763636205f7ed829b6cab61091d16460812a985c1d0c42c5f303bfa618a492b237648d22880529a0c05f59efb9efd37eb7c1a192d536932c8bf75ffc611d8cab71604762763b7c70d452c4b52d48b43354c4a4a280e5c35af6251afd46fee31d314ab234f5d82aae05aa8819a9d65b46a352a0363bed7f3b0eb8ec4b4c94f0a46d53ce0c51c17565b5afd7adf7eb7ed6c3cf51948af90524f510988b47322962233b7e65616dc5f7b5afeb8763cae3671120e62292c75100b2f6db6dfd45f1ce50955d91af686eb1a5a42ea4bad9fa86059ba74fa622c554eb33bf35576b017ea4b5869f3ee6fd36c149f2b09108e9543ea43ab542a5108dc9b8b1b9ef6bfc30dd1ad7a2e9a18a9023283a2988bc87b75dc5876b8ebf1c73f1a94ba30ddb27506770d398f9a1d4c619bc0ff98f6b8ee3dbf9e2cf95712c559389e554647d2a09703c47a9009e9ffc6287511a99e2355218a46059a0792cd19bec6c36236dae76f8efe05192d0ca43bae90f1f5500f616ee06e7dfdf1b8724f8de9e8d24cd8d6a16a15410eb0badaecc2ee3fe5bdc038669f2ea74aa4a98e0fc445b465b57814ff0eadf7c65fc3bc533d1d4859f5aadec028076d86e4df63b7d716da2e2014f116aa8896d455dcbb30617240037ed618f743f253fe45a2d36910da3447426e093d05fa03d31cbab905d648ddb6254817f4be03d0d74cf509353cb0341231e6427529436ebbee4fc060a7de4249126c19c1251b73f0fefbe3b4791356092a4a4634c83d829f863ba5cc9a5d436e6f66e9fd70c0a9854a24c545f72be97b5afef85d3bc32c856062cb6b92a6ea07f60e34a480e88a33a89048e9e1637f6187134a30d0c74dfa74231c684c62d0b316eb6edf0ff005c703c9a883e64dc81622fd6f8d9074caf73f89b9ede98534c542dd813e4c081f3c2118b8b801fb9d3636f6ef84001941fc4bd876fe580165f510796d71bedbdfd76c76ea598b6adfbaff3184a0f15d5ed703a1fec8c29dd4dda755637efe13f0c009e4b9606294137eb6b138e1ba5b988ca6dd7717f6231e64d95839076ddae6ff118715e60aa236e603d4751f5c00d7251c5d18480f7e86ff0c364d443e2e69b0dd83d88e9e6312798ac6f342076b8efbfa617647178dc75b69618501b4aa7505a48bc36bdfa8b7be24c7223fe5eb6e97bdf0c17647dd5e31d6f616386d594962cba85bf30b6df2c084a1a1641a5909276b8dcfa61c2035f52a6fd750eb88624753756661e5f987ed7c2bef7e152ca41dae5771fbe162844b41135d95589f30f7077fa620d4e5b2864e404702e48bee3d6de782b14f0bb6956b374b77387b96a40049703cf0a4c5b456aa28250c4b44db12415f5fdce22cf491468be2d2413e1e848bdfa1f7c5aa48e4d3f86fb1fd246a1fd6f88f2d34476688817d995af6f81fe78989ac8ab1a558cb2fe1af5b0b9b7a9f5dfb611f77001037bdd5b577f7b6f6c585a856e391243af72124166b1c4696967428248f4f5b6e585fcc62516c0468e2772c01dcdae45c11e40f7c70d1a17408ab75163e1249b8efe5b0f6c16585435df96acde15b93e76dffafb6112539590ddddc936b1e836e82c3a75ebe6710a07928923b3150fe414123e9fdfbe38942a1997472c8ea3b1f4f2c153059cf3146afcb626df2bf6c7a3550cdf86ead7d4aa46e08edfbe0011f721d580d6c2e0dba76be3a2942a03a6c6e59411f940e848f9e0c494fae3d4640a7762abe127d7d309540241a58c68d7ebb16fe98a4060a7472afa54a1b12757527fbf8df0e2c0da750537d82803cedfdfa62714753e15bb11b904d88f9e131c4c8499235277db502d636fdf004434f13011aa100d8f4dc7f23ed87e38485b6906db02ce011e40fb624e86d9a540a49b1b1db0a108d449f0c77b0dadbff5c0111a026fa1d08b9ea2fefb7be3ba59ee1d5757f15b6f2b7f7b625044543a963716b12eb76b6c6e4fcc7c30a48025ca482de9b0bfb7cf1411d4e8b011a6e08b162dd06fdf0bb0d0b60b7f32a47c3fd70f045d23508ed706fd2fe5fcfaf9e3b1462de006f72355ef6f43e5880688b5b5228245f7908bfaf4c7b0f840fb943e83c863d8a4302a0cc6785d1e996735258852aa4b051b92a480001716f861c8da79b5f30b243291e2e5df4f5d40eaea6fe58139757c8f056d74835cb046b2aa991f416d4078806dfdba62c7519752c14eb562257991c91afc409201dc77dcfd31f096a58cbd9ce2ec1c69f9f5091d016955db52b152545c6c0b93b0dbbefd6d82547974f2b1613d353d6a3ac7a9412594d88365dd76b0edebb9c1ba66e6f3e2d2b1a6a22d18d00800761b77fa624a216cb96a39922c81140d26c05d80fe671b5cd0c9aaf499b4d10e00b1d44825aa11165d1bbe97b836d26f7d1d7a0dfa5b132ad208628d5208aa1ca150ad51cc8d96fb126f70a08d80b11d76c56d05da54662c04ba149fd201036f2eb8b3d165f154cb0ad41323aaeb496caae87606c540ea0006fd6d8f4c136dff004129363d005a6a147cc160091464fe2b248e57b9bb5dff00f9c08abae95d1658ab24684156558e3510c2360428dc85f175637f6e9884d2bb4d574ac4346257121650cd314b856626fbdb6dac3d2fbe1de18ad96b61ad95c471351c6acbca8d57984923c7b788003a1dbcef84eeb7d1a9ca89142fce99929592a6a823b0896228ccaa7f4fc81ebd3d30692a3ef54e659a71188c84918c9a3aee6fbd9bd05bb75c0c799bee88c8a91a46f246b122d96c4ab1dfaf5f2389b532bd156554285648a390e959114d81205ae05fbdfcef8914908263dfe0d1112a9a98248b40282ad19f427f90f516b8e971e83107ee30d21e77dd67b142a35ca51093deea08f316230fd22fde28a7766658518afddd58e86b6f7626ec6f6dfc56f4c58286b644a6a711854522c545ec45ba58f6df1bc632d1697a290d554f02413d651cb4f0cc446d23c44295f50373b5b7bfb60952494b1d3ce691e5a991f44701a520a313b37517f08b124ed7b0c5be3c968a7aafbe4b106a8a6d5246cd661f97f2953752bbf4b602e7504994d407a3aaa802a610ee8e43a8b0bd9411651dbc3636dafb630f89c15dd99fdaf445cbb9723c52ff0088ae82da9194dee46d620efe9d3db1646ce607430bba1495884e62825176ebe7dfe58ceea6bea1e691d9cea71727bf503f9e21e65572c74595b29f1b49667dee45fa7d4e38c791c75132e4cd462cda9eb27b55e99e9d2c40436522dfb9bed82795983981d1618a32810729cd81defb7d3197992535d4f0995f4150bd77b6ab6359a4cbe38291192494a29b08d882a2c36ed7fae3d3f8f394b6ca9de82326b43e0e80dcea1d2df3381b96cf5128a96aa81d543dd42104301e87a6261263a8745e88058fbadf09e619b2f9e47b6a5d676dba0b8c7b5f6076a2aa2a741254285536f13763ea6db63b4d22c88648d810eda82b10761b0febf1c7aaa9a19e98c52a6a8dc95209c26089123528a005b803e7fd31777fd0246805c9f0335f6276b7cb1cd3228001571bdb7d8fb7fae15013299037e926d6c78001d6c2d7eb8d1069c98c93cbf40545b1c6650417322ef6eb7c4c88993a9b586d6c2260a2554d20a9380b1a2c09ba3816dcdce384bdac46af16d7b1030ae4461490bf946c3b613d24d03f2dba75f2c0a391d4142a1a2722fb123bfbe1cbd34c7f1106d7d801b622ab9f0db6bdba7c70ea5b94c480749b01fdfb6007d601ff00e3cea4f400f523cb0cc8ae8df8aaba7aead3ff00bb1c90058d08ef63ec71c49e442029d89b58efd89c0821923916ecb70bb5baededfeb84699508e548cc9e5d4fc712b9cccdb85b5c8b76c21112599f5a2dd5410c058ef7c28a256b1c1d2e2c6dbed8911d4c4cf6d5bd81f2fefa620cac4ab29b116e96c74a2f8d85c6e05ae48ebe5858a099489c9f0adede5d70d3c4509d0f22b75b837dbdb115058100916b0eb7ea2fdf0e1778f58476003103e0316c947658435f540ae3f8a16d2c7039a8a9a343cb6687a2e9716dfb5ced8294d3b4d1a175524ef7b5b125e31753726db0bfefef8942e8af0a09f7691166b6fe03b6fd7be1b2bcd3675f19f0af87b0ec6ddaf833353a476109688124590d80b0276c376499024a8a6c01040b1bf9dc62516c11c9b8dbc247544b11ffcfaef86444ba9222a2327725366201df7fe7eb82ab4eb1f2b4338badf63b8f8ff005c477274862751b77f61fd70a290f4142c158872402ddefefbff00ae1d0a0a2b9b13a48dba9f3ebed87a68f46a0189008617b6c71c951569d1ec0920b9bf4b8e981460441402aaae6db1041b7f7fcb1d1f90bbc8a08ee7616f200f4c39531f2582a335800c0797418e491a9819dbc46c0589b83d6c7df6c00db296b82ee081fa86f73d4e16a0900a807b5c58585cedeb87923d71bdddfc0011bec7dc61e9696314a18ea37dc8bd87d3021154c0103b23adc589d36fae38230ce8e9ccb2edb8b807fbfdb0ebc4b72c6e4860373b6db83ef86e221e086528a19919f61600ee36c502d2eaa14312074b374fa63d8769656915f55b66b6db7618f604b3ffd9, 2);

-- --------------------------------------------------------

--
-- Table structure for table `color`
--

CREATE TABLE `color` (
  `ColorID` int(11) NOT NULL,
  `ColorName` varchar(20) NOT NULL
) ENGINE=InnoDB DEFAULT CHARSET=latin1;

--
-- Dumping data for table `color`
--

INSERT INTO `color` (`ColorID`, `ColorName`) VALUES
(1, 'Bleu'),
(2, 'gris metallique');

-- --------------------------------------------------------

--
-- Table structure for table `color_car`
--

CREATE TABLE `color_car` (
  `CarID` int(11) NOT NULL,
  `ColorID` int(11) NOT NULL
) ENGINE=InnoDB DEFAULT CHARSET=latin1;

--
-- Dumping data for table `color_car`
--

INSERT INTO `color_car` (`CarID`, `ColorID`) VALUES
(1, 1),
(11, 2);

-- --------------------------------------------------------

--
-- Table structure for table `country`
--

CREATE TABLE `country` (
  `CountryID` int(11) NOT NULL,
  `CountryName` varchar(20) NOT NULL
) ENGINE=InnoDB DEFAULT CHARSET=latin1;

--
-- Dumping data for table `country`
--

INSERT INTO `country` (`CountryID`, `CountryName`) VALUES
(1, 'Italie'),
(2, 'tats-Unis');

-- --------------------------------------------------------

--
-- Table structure for table `engine`
--

CREATE TABLE `engine` (
  `EngineID` int(11) NOT NULL,
  `EngineName` varchar(20) NOT NULL,
  `EngineDescription` text NOT NULL,
  `EngineType` varchar(20) NOT NULL
) ENGINE=InnoDB DEFAULT CHARSET=latin1;

--
-- Dumping data for table `engine`
--

INSERT INTO `engine` (`EngineID`, `EngineName`, `EngineDescription`, `EngineType`) VALUES
(1, 'F154', 'Twin-turbo\r\n', 'v8'),
(2, 'Coyote', '5L\r\n435 cv', 'V8');

-- --------------------------------------------------------

--
-- Table structure for table `make`
--

CREATE TABLE `make` (
  `MakeID` int(11) NOT NULL,
  `MakeName` varchar(20) NOT NULL,
  `Country` int(11) NOT NULL
) ENGINE=InnoDB DEFAULT CHARSET=latin1;

--
-- Dumping data for table `make`
--

INSERT INTO `make` (`MakeID`, `MakeName`, `Country`) VALUES
(1, 'Ferrari', 1),
(2, 'Ford', 2);

-- --------------------------------------------------------

--
-- Table structure for table `model`
--

CREATE TABLE `model` (
  `ModelID` int(11) NOT NULL,
  `ModelName` varchar(20) NOT NULL,
  `ModelSpeed` int(11) NOT NULL,
  `Type` int(11) NOT NULL,
  `Make` int(11) NOT NULL,
  `Engine` int(11) NOT NULL
) ENGINE=InnoDB DEFAULT CHARSET=latin1;

--
-- Dumping data for table `model`
--

INSERT INTO `model` (`ModelID`, `ModelName`, `ModelSpeed`, `Type`, `Make`, `Engine`) VALUES
(1, 'GTC4Lusso T', 320, 1, 1, 1),
(2, 'Mustang (6e gen)', 350, 2, 2, 2);

-- --------------------------------------------------------

--
-- Table structure for table `options`
--

CREATE TABLE `options` (
  `OptionID` int(11) NOT NULL,
  `OptionPrice` float NOT NULL,
  `OptionName` varchar(20) NOT NULL
) ENGINE=InnoDB DEFAULT CHARSET=latin1;

--
-- Dumping data for table `options`
--

INSERT INTO `options` (`OptionID`, `OptionPrice`, `OptionName`) VALUES
(1, 99.99, 'Camera de recul'),
(2, 49.99, 'sige chauffant'),
(3, 79.95, 'transmission auto');

-- --------------------------------------------------------

--
-- Table structure for table `options_car`
--

CREATE TABLE `options_car` (
  `OptionID` int(11) NOT NULL,
  `CarID` int(11) NOT NULL
) ENGINE=InnoDB DEFAULT CHARSET=latin1;

--
-- Dumping data for table `options_car`
--

INSERT INTO `options_car` (`OptionID`, `CarID`) VALUES
(1, 1),
(2, 11),
(3, 1),
(3, 11);

-- --------------------------------------------------------

--
-- Table structure for table `type`
--

CREATE TABLE `type` (
  `TypeID` int(11) NOT NULL,
  `TypeName` varchar(20) NOT NULL
) ENGINE=InnoDB DEFAULT CHARSET=latin1;

--
-- Dumping data for table `type`
--

INSERT INTO `type` (`TypeID`, `TypeName`) VALUES
(1, 'sport/luxe'),
(2, 'sport');

--
-- Indexes for dumped tables
--

--
-- Indexes for table `car`
--
ALTER TABLE `car`
  ADD PRIMARY KEY (`SerialNB`),
  ADD KEY `fk_model` (`Model`);

--
-- Indexes for table `color`
--
ALTER TABLE `color`
  ADD PRIMARY KEY (`ColorID`);

--
-- Indexes for table `color_car`
--
ALTER TABLE `color_car`
  ADD PRIMARY KEY (`CarID`,`ColorID`),
  ADD KEY `color_id` (`ColorID`);

--
-- Indexes for table `country`
--
ALTER TABLE `country`
  ADD PRIMARY KEY (`CountryID`);

--
-- Indexes for table `engine`
--
ALTER TABLE `engine`
  ADD PRIMARY KEY (`EngineID`);

--
-- Indexes for table `make`
--
ALTER TABLE `make`
  ADD PRIMARY KEY (`MakeID`),
  ADD KEY `fk_country` (`Country`);

--
-- Indexes for table `model`
--
ALTER TABLE `model`
  ADD PRIMARY KEY (`ModelID`),
  ADD KEY `fk_type` (`Type`),
  ADD KEY `fk_make` (`Make`),
  ADD KEY `fk_engine` (`Engine`);

--
-- Indexes for table `options`
--
ALTER TABLE `options`
  ADD PRIMARY KEY (`OptionID`);

--
-- Indexes for table `options_car`
--
ALTER TABLE `options_car`
  ADD PRIMARY KEY (`OptionID`,`CarID`),
  ADD KEY `car_id` (`CarID`);

--
-- Indexes for table `type`
--
ALTER TABLE `type`
  ADD PRIMARY KEY (`TypeID`);

--
-- Constraints for dumped tables
--

--
-- Constraints for table `car`
--
ALTER TABLE `car`
  ADD CONSTRAINT `fk_model` FOREIGN KEY (`Model`) REFERENCES `model` (`ModelID`);

--
-- Constraints for table `color_car`
--
ALTER TABLE `color_car`
  ADD CONSTRAINT `color_id` FOREIGN KEY (`ColorID`) REFERENCES `color` (`ColorID`),
  ADD CONSTRAINT `fk_car_id` FOREIGN KEY (`CarID`) REFERENCES `car` (`SerialNB`);

--
-- Constraints for table `make`
--
ALTER TABLE `make`
  ADD CONSTRAINT `fk_country` FOREIGN KEY (`Country`) REFERENCES `country` (`CountryID`);

--
-- Constraints for table `model`
--
ALTER TABLE `model`
  ADD CONSTRAINT `fk_engine` FOREIGN KEY (`Engine`) REFERENCES `engine` (`EngineID`),
  ADD CONSTRAINT `fk_make` FOREIGN KEY (`Make`) REFERENCES `make` (`MakeID`),
  ADD CONSTRAINT `fk_type` FOREIGN KEY (`Type`) REFERENCES `type` (`TypeID`);

--
-- Constraints for table `options_car`
--
ALTER TABLE `options_car`
  ADD CONSTRAINT `car_id` FOREIGN KEY (`CarID`) REFERENCES `car` (`SerialNB`),
  ADD CONSTRAINT `option_id` FOREIGN KEY (`OptionID`) REFERENCES `options` (`OptionID`);
COMMIT;

/*!40101 SET CHARACTER_SET_CLIENT=@OLD_CHARACTER_SET_CLIENT */;
/*!40101 SET CHARACTER_SET_RESULTS=@OLD_CHARACTER_SET_RESULTS */;
/*!40101 SET COLLATION_CONNECTION=@OLD_COLLATION_CONNECTION */;
